release_date,commodity,status,surprise,return_1d,price_before,price_after,report_date,news_sentiment,news_failure,cotton_world_ending_stocks_proj_current,cotton_world_ending_stocks_proj_prev,sugar_us_ending_stocks_proj_current,sugar_us_ending_stocks_proj_prev,wheat_us_ending_stocks_proj_current,wheat_us_ending_stocks_proj_prev,corn_us_ending_stocks_proj_current,corn_us_ending_stocks_proj_prev,soybeans_us_ending_stocks_proj_current,soybeans_us_ending_stocks_proj_prev
2020-01-10,cotton,Expected Reaction,-0.7299999999999898,0.008770619546963569,70.69000244140625,71.30999755859375,2020-01-01,Bullish,NO,79.59,80.32,1556.0,1655.0,965.0,974.0,1892.0,1910.0,475.0,475.0
2020-02-11,cotton,Bearish News Failure,2.530000000000001,0.0005866096802345097,68.19000244140625,68.2300033569336,2020-02-01,Bearish,YES,82.12,79.59,1516.0,1556.0,940.0,965.0,1892.0,1892.0,425.0,475.0
2020-03-10,cotton,Bearish News Failure,1.2800000000000011,0.00032579341851311935,61.38999938964844,61.40999984741211,2020-03-01,Bearish,YES,83.4,82.12,888.0,1516.0,940.0,940.0,1892.0,1892.0,425.0,425.0
2020-04-09,cotton,Bearish News Failure,7.859999999999999,0.009843959468699962,53.84000015258789,54.369998931884766,2020-04-01,Bearish,YES,91.26,83.4,1434.0,888.0,970.0,940.0,2092.0,1892.0,480.0,425.0
2020-05-12,cotton,Neutral/No Change,,0.0301959924460508,56.630001068115234,58.34000015258789,2020-05-01,Neutral,N/A,99.43,,1468.0,1273.0,,,,,,
2020-06-11,cotton,Expected Reaction,5.239999999999995,-0.008097799989446697,60.5099983215332,60.02000045776367,2020-06-01,Bearish,NO,104.67,99.43,1468.0,1468.0,925.0,909.0,3323.0,3318.0,395.0,405.0
2020-07-10,cotton,Expected Reaction,-1.9000000000000057,0.021629285263410146,63.34000015258789,64.70999908447266,2020-07-01,Bullish,NO,102.77,104.67,1656.0,1468.0,942.0,925.0,2648.0,3323.0,425.0,395.0
2020-08-12,cotton,Expected Reaction,2.1400000000000006,-0.018879877038802305,63.029998779296875,61.84000015258789,2020-08-01,Bearish,NO,104.91,102.77,1788.0,1656.0,925.0,942.0,2756.0,2648.0,610.0,425.0
2020-09-11,cotton,Expected Reaction,-1.0699999999999932,0.001563453338844247,63.959999084472656,64.05999755859375,2020-09-01,Bullish,NO,103.84,104.91,1659.0,1788.0,925.0,925.0,2503.0,2756.0,460.0,610.0
2020-10-09,cotton,Expected Reaction,-2.710000000000008,0.02190658550777025,66.19000244140625,67.63999938964844,2020-10-01,Bullish,NO,101.13,103.84,1749.0,1659.0,883.0,925.0,2167.0,2503.0,290.0,460.0
2020-11-10,cotton,Expected Reaction,0.3100000000000023,-0.002142878941127232,70.0,69.8499984741211,2020-11-01,Bearish,NO,101.44,101.13,1309.0,1749.0,877.0,883.0,1702.0,2167.0,190.0,290.0
2020-12-10,cotton,Expected Reaction,-3.9200000000000017,0.016563984037281158,73.05000305175781,74.26000213623047,2020-12-01,Bullish,NO,97.52,101.44,1666.0,1309.0,862.0,877.0,1702.0,1702.0,175.0,190.0
2021-01-12,cotton,Expected Reaction,-1.2000000000000028,0.015790086264424397,80.43000030517578,81.69999694824219,2021-01-01,Bullish,NO,96.32,97.52,1777.0,1666.0,836.0,862.0,1552.0,1702.0,140.0,175.0
2021-02-09,cotton,Expected Reaction,-0.5799999999999983,0.03144282824230262,84.27999877929688,86.93000030517578,2021-02-01,Bullish,NO,95.74,96.32,1993.0,1777.0,836.0,836.0,1502.0,1552.0,120.0,140.0
2021-03-09,cotton,Bullish News Failure,-1.1499999999999915,-0.046098883885569805,86.7699966430664,82.7699966430664,2021-03-01,Bullish,YES,94.59,95.74,1848.0,1993.0,836.0,836.0,1502.0,1502.0,120.0,120.0
2021-04-09,cotton,Expected Reaction,-1.1300000000000097,0.012160641435154555,81.41000366210938,82.4000015258789,2021-04-01,Bullish,NO,93.46,94.59,1848.0,1848.0,852.0,836.0,1352.0,1502.0,120.0,120.0
2021-05-12,cotton,Neutral/No Change,,0.00547012372573896,87.75,88.2300033569336,2021-05-01,Neutral,N/A,90.99,,1502.0,1805.0,,,,,,
2021-06-10,cotton,Expected Reaction,-1.6899999999999977,0.008543036715601249,86.62000274658203,87.36000061035156,2021-06-01,Bullish,NO,89.3,90.99,1452.0,1502.0,770.0,774.0,1357.0,1507.0,155.0,140.0
2021-07-12,cotton,Expected Reaction,-1.5600000000000023,0.0054552036434500056,87.98999786376953,88.47000122070312,2021-07-01,Bullish,NO,87.74,89.3,1656.0,1452.0,665.0,770.0,1432.0,1357.0,155.0,155.0
2021-08-12,cotton,Expected Reaction,-0.5099999999999909,0.02324309545618102,91.63999938964844,93.7699966430664,2021-08-01,Bullish,NO,87.23,87.74,1672.0,1656.0,627.0,665.0,1242.0,1432.0,155.0,155.0
2021-09-10,cotton,Expected Reaction,-0.5499999999999972,0.007085509894653528,94.55999755859376,95.2300033569336,2021-09-01,Bullish,NO,86.68,87.23,1666.0,1672.0,615.0,627.0,1408.0,1242.0,185.0,155.0
2021-10-12,cotton,Expected Reaction,0.44999999999998863,-0.031059328114343063,109.79000091552734,106.37999725341795,2021-10-01,Bearish,NO,87.13,86.68,1627.0,1666.0,580.0,615.0,1500.0,1408.0,320.0,185.0
2021-11-09,cotton,Expected Reaction,-0.19999999999998863,0.024281373895832552,116.5500030517578,119.37999725341795,2021-11-01,Bullish,NO,86.93,87.13,1765.0,1627.0,583.0,580.0,1493.0,1500.0,340.0,320.0
2021-12-09,cotton,Bullish News Failure,-1.2000000000000028,-0.04446442472588542,111.5500030517578,106.58999633789062,2021-12-01,Bullish,YES,85.73,86.93,1678.0,1765.0,598.0,583.0,1493.0,1493.0,340.0,340.0
2022-01-12,cotton,Expected Reaction,-0.7199999999999989,0.013963133886014,116.0199966430664,117.63999938964844,2022-01-01,Bullish,NO,85.01,85.73,1773.0,1678.0,628.0,598.0,1540.0,1493.0,350.0,340.0
2022-02-09,cotton,Bullish News Failure,-0.7000000000000028,-0.005662612757079541,127.1500015258789,126.43000030517578,2022-02-01,Bullish,YES,84.31,85.01,1818.0,1773.0,648.0,628.0,1540.0,1540.0,325.0,350.0
2022-03-09,cotton,Bullish News Failure,-1.740000000000009,-0.004092657833296883,122.16999816894533,121.66999816894533,2022-03-01,Bullish,YES,82.57,84.31,1692.0,1818.0,653.0,648.0,1440.0,1540.0,285.0,325.0
2022-04-08,cotton,Expected Reaction,0.8100000000000023,-0.005930880662405585,133.1999969482422,132.41000366210938,2022-04-01,Bearish,NO,83.38,82.57,1567.0,1692.0,678.0,653.0,1440.0,1440.0,260.0,285.0
2022-05-12,cotton,Neutral/No Change,,0.013440059845053167,143.60000610351562,145.52999877929688,2022-05-01,Neutral,N/A,82.82,,1266.0,1813.0,,,,,,
2022-06-10,cotton,Bullish News Failure,-0.04999999999999716,-0.009896914904153743,146.50999450683594,145.05999755859375,2022-06-01,Bullish,YES,82.77,82.82,963.0,1266.0,627.0,619.0,1400.0,1360.0,280.0,310.0
2022-07-12,cotton,Expected Reaction,1.490000000000009,-0.0390472462384792,102.44000244140624,98.44000244140624,2022-07-01,Bearish,NO,84.26,82.77,1564.0,963.0,639.0,627.0,1470.0,1400.0,230.0,280.0
2022-08-12,cotton,Expected Reaction,-1.490000000000009,0.03621876051770456,110.44000244140624,114.44000244140624,2022-08-01,Bullish,NO,82.77,84.26,1814.0,1564.0,610.0,639.0,1388.0,1470.0,245.0,230.0
2022-09-12,cotton,Bearish News Failure,1.980000000000004,0.00630024162304367,109.5199966430664,110.20999908447266,2022-09-01,Bearish,YES,84.75,82.77,1710.0,1814.0,610.0,610.0,1219.0,1388.0,200.0,245.0
2022-10-12,cotton,Expected Reaction,3.1200000000000045,-0.04433943747854609,88.86000061035156,84.91999816894531,2022-10-01,Bearish,NO,87.87,84.75,1872.0,1710.0,576.0,610.0,1172.0,1219.0,200.0,200.0
2022-11-09,cotton,Bullish News Failure,-0.6000000000000085,-0.013458032630801958,87.68000030517578,86.5,2022-11-01,Bullish,YES,87.27,87.87,1701.0,1872.0,571.0,576.0,1182.0,1172.0,220.0,200.0
2022-12-09,cotton,Bearish News Failure,2.2900000000000063,0.0012368395300972306,80.8499984741211,80.94999694824219,2022-12-01,Bearish,YES,89.56,87.27,1707.0,1701.0,571.0,571.0,1257.0,1182.0,220.0,220.0
2023-01-12,cotton,Expected Reaction,0.37000000000000455,-0.026347034944455092,84.26000213623047,82.04000091552734,2023-01-01,Bearish,NO,89.93,89.56,1885.0,1707.0,567.0,571.0,1242.0,1257.0,210.0,220.0
2023-02-08,cotton,Bullish News Failure,-0.8500000000000085,-0.0030362549944559255,85.62999725341797,85.37000274658203,2023-02-01,Bullish,YES,89.08,89.93,1874.0,1885.0,568.0,567.0,1267.0,1242.0,225.0,210.0
2023-03-08,cotton,Expected Reaction,2.0700000000000074,-0.0018096456385984594,82.88999938964844,82.73999786376953,2023-03-01,Bearish,NO,91.15,89.08,1720.0,1874.0,568.0,568.0,1342.0,1267.0,210.0,225.0
2023-04-11,cotton,Bearish News Failure,0.8599999999999994,0.0036386059777071766,82.44999694824219,82.75,2023-04-01,Bearish,YES,92.01,91.15,1897.0,1720.0,598.0,568.0,1342.0,1342.0,210.0,210.0
2023-05-12,cotton,Neutral/No Change,,0.011429238901325063,79.62000274658203,80.52999877929688,2023-05-01,Neutral,N/A,92.28,,1444.0,1734.0,,,,,,
2023-06-09,cotton,Expected Reaction,0.5100000000000051,-0.003202427361936098,84.30999755859375,84.04000091552734,2023-06-01,Bearish,NO,92.79,92.28,1353.0,1444.0,562.0,556.0,2257.0,2222.0,350.0,335.0
2023-07-12,cotton,Expected Reaction,1.7299999999999898,-0.005304337892697689,82.94999694824219,82.51000213623047,2023-07-01,Bearish,NO,94.52,92.79,1719.0,1353.0,592.0,562.0,2262.0,2257.0,300.0,350.0
2023-08-11,cotton,Expected Reaction,-2.9200000000000017,0.022912131733569905,87.29000091552734,89.29000091552734,2023-08-01,Bullish,NO,91.6,94.52,1942.0,1719.0,615.0,592.0,2202.0,2262.0,245.0,300.0
2023-09-12,cotton,Expected Reaction,-1.6400000000000006,0.00597903456097252,86.97000122070312,87.48999786376953,2023-09-01,Bullish,NO,89.96,91.6,1714.0,1942.0,615.0,615.0,2221.0,2202.0,220.0,245.0
2023-10-12,cotton,Bullish News Failure,-10.039999999999992,-0.0015285699958574317,85.05000305175781,84.91999816894531,2023-10-01,Bullish,YES,79.92,89.96,1557.0,1714.0,670.0,615.0,2111.0,2221.0,220.0,220.0
2023-11-09,cotton,Bearish News Failure,1.5799999999999983,0.021765219210874674,74.88999938964844,76.5199966430664,2023-11-01,Bearish,YES,81.5,79.92,1569.0,1557.0,684.0,670.0,2156.0,2111.0,245.0,220.0
2023-12-08,cotton,Expected Reaction,0.9000000000000057,-0.013924130614796758,82.58999633789062,81.44000244140625,2023-12-01,Bearish,NO,82.4,81.5,1624.0,1569.0,659.0,684.0,2131.0,2156.0,245.0,245.0
2024-01-12,cotton,Expected Reaction,1.9799999999999898,-0.0006145901104067904,81.36000061035156,81.30999755859375,2024-01-01,Bearish,NO,84.38,82.4,1754.0,1624.0,648.0,659.0,2162.0,2131.0,280.0,245.0
2024-02-08,cotton,Expected Reaction,-0.6799999999999926,0.007121026842153375,88.47000122070312,89.0999984741211,2024-02-01,Bullish,NO,83.7,84.38,1805.0,1754.0,658.0,648.0,2172.0,2162.0,315.0,280.0
2024-03-08,cotton,Bullish News Failure,-0.35999999999999943,-0.04029008913358419,99.27999877929688,95.27999877929688,2024-03-01,Bullish,YES,83.34,83.7,1701.0,1805.0,673.0,658.0,2172.0,2172.0,315.0,315.0
2024-04-11,cotton,Bullish News Failure,-0.2600000000000051,-0.02274053296835773,85.30999755859375,83.37000274658203,2024-04-01,Bullish,YES,83.08,83.34,1722.0,1701.0,698.0,673.0,2122.0,2172.0,340.0,315.0
2024-05-10,cotton,Neutral/No Change,,-0.016412225707002705,78.5999984741211,77.30999755859375,2024-05-01,Neutral,N/A,83.01,,1464.0,1758.0,,,,,,
2024-06-12,cotton,Expected Reaction,0.47999999999998977,-0.013612064450285523,72.7300033569336,71.73999786376953,2024-06-01,Bearish,NO,83.49,83.01,1445.0,1464.0,758.0,766.0,2102.0,2102.0,455.0,445.0
2024-07-12,cotton,Bullish News Failure,-0.8599999999999994,-0.0020272139385706673,69.05999755859375,68.91999816894531,2024-07-01,Bullish,YES,82.63,83.49,1695.0,1445.0,856.0,758.0,2097.0,2102.0,435.0,455.0
2024-08-12,cotton,Expected Reaction,-5.019999999999996,0.017886490432836535,67.08999633789062,68.29000091552734,2024-08-01,Bullish,NO,77.61,82.63,1985.0,1695.0,828.0,856.0,2073.0,2097.0,560.0,435.0
2024-09-12,cotton,Expected Reaction,-1.1200000000000045,0.010676749664267002,69.30999755859375,70.05000305175781,2024-09-01,Bullish,NO,76.49,77.61,1777.0,1985.0,828.0,828.0,2057.0,2073.0,550.0,560.0
2024-10-11,cotton,Bullish News Failure,-0.1599999999999966,-0.006193291425216187,72.66000366210938,72.20999908447266,2024-10-01,Bullish,YES,76.33,76.49,1788.0,1777.0,812.0,828.0,1999.0,2057.0,550.0,550.0
2024-11-08,cotton,Bullish News Failure,-0.5799999999999983,-0.0009852173373339063,71.05000305175781,70.9800033569336,2024-11-01,Bullish,YES,75.75,76.33,1464.0,1788.0,815.0,812.0,1938.0,1999.0,470.0,550.0
2024-12-10,cotton,Expected Reaction,0.269999999999996,-0.006718993735716017,69.94999694824219,69.4800033569336,2024-12-01,Bearish,NO,76.02,75.75,1696.0,1464.0,795.0,815.0,1738.0,1938.0,470.0,470.0
2025-01-10,cotton,Expected Reaction,1.8900000000000006,-0.021751793631671987,68.5,67.01000213623047,2025-01-01,Bearish,NO,77.91,76.02,1939.0,1696.0,798.0,795.0,1540.0,1738.0,380.0,470.0
2025-02-11,cotton,Bearish News Failure,0.5,0.01292456565252133,66.54000091552734,67.4000015258789,2025-02-01,Bearish,YES,78.41,77.91,1913.0,1939.0,794.0,798.0,1540.0,1540.0,380.0,380.0
2025-03-11,cotton,Expected Reaction,-0.0799999999999983,0.0,66.0,66.0,2025-03-01,Bullish,NO,78.33,78.41,1872.0,1913.0,819.0,794.0,1540.0,1540.0,380.0,380.0
2025-04-10,cotton,Expected Reaction,0.5300000000000011,-0.002401261283357419,66.62999725341797,66.47000122070312,2025-04-01,Bearish,NO,78.86,78.33,2016.0,1872.0,846.0,819.0,1465.0,1540.0,375.0,380.0
2025-05-12,cotton,Neutral/No Change,,0.0003002048173423776,66.61000061035156,66.62999725341797,2025-05-01,Neutral,N/A,78.38,,1436.0,2032.0,,,,,,
2025-06-12,cotton,Bullish News Failure,-1.5799999999999983,-0.005040504428008676,65.47000122070312,65.13999938964844,2025-06-01,Bullish,YES,76.8,78.38,1443.0,1436.0,898.0,923.0,1750.0,1800.0,295.0,295.0
2025-07-11,cotton,Expected Reaction,0.519999999999996,-0.0007547630454009434,66.25,66.19999694824219,2025-07-01,Bearish,NO,77.32,76.8,1643.0,1443.0,890.0,898.0,1660.0,1750.0,310.0,295.0
2025-08-12,cotton,Expected Reaction,-3.4099999999999966,0.02726296146939636,65.29000091552734,67.06999969482422,2025-08-01,Bullish,NO,73.91,77.32,2160.0,1643.0,869.0,890.0,2117.0,1660.0,290.0,310.0
2025-09-12,cotton,Bullish News Failure,-0.769999999999996,-0.0027535612301193124,65.37000274658203,65.19000244140625,2025-09-01,Bullish,YES,73.14,73.91,1976.0,2160.0,844.0,869.0,2110.0,2117.0,300.0,290.0
2025-11-14,cotton,Expected Reaction,2.7900000000000063,-0.006518280404864909,62.900001525878906,62.4900016784668,2025-11-01,Bearish,NO,75.93,73.14,1845.0,1976.0,901.0,844.0,2154.0,2110.0,290.0,300.0
2025-12-09,cotton,Bearish News Failure,0.03999999999999204,0.03199740640044297,61.880001068115234,63.86000061035156,2025-12-01,Bearish,YES,75.97,75.93,1867.0,1845.0,901.0,901.0,2029.0,2154.0,290.0,290.0
2026-01-12,cotton,Expected Reaction,-1.4899999999999949,0.00776276931488728,64.41000366210938,64.91000366210938,2026-01-01,Bullish,NO,74.48,75.97,1922.0,1867.0,926.0,901.0,2227.0,2029.0,350.0,290.0
2020-01-10,sugar,Expected Reaction,-99.0,0.026258180574440394,13.710000038146973,14.06999969482422,2020-01-01,Bullish,NO,79.59,80.32,1556.0,1655.0,965.0,974.0,1892.0,1910.0,475.0,475.0
2020-02-11,sugar,Expected Reaction,-40.0,0.024601056283080975,15.039999961853027,15.40999984741211,2020-02-01,Bullish,NO,82.12,79.59,1516.0,1556.0,940.0,965.0,1892.0,1892.0,425.0,475.0
2020-03-10,sugar,Bullish News Failure,-628.0,-0.0015860035395611873,12.609999656677246,12.59000015258789,2020-03-01,Bullish,YES,83.4,82.12,888.0,1516.0,940.0,940.0,1892.0,1892.0,425.0,425.0
2020-04-09,sugar,Bearish News Failure,546.0,0.00578596145408372,10.369999885559082,10.43000030517578,2020-04-01,Bearish,YES,91.26,83.4,1434.0,888.0,970.0,940.0,2092.0,1892.0,480.0,425.0
2020-05-12,sugar,Bearish News Failure,195.0,0.012845861256028669,10.119999885559082,10.25,2020-05-01,Bearish,YES,99.43,,1468.0,1273.0,,,,,,
2020-06-11,sugar,Neutral/No Change,0.0,-0.023712180924579097,12.229999542236328,11.9399995803833,2020-06-01,Neutral,N/A,104.67,99.43,1468.0,1468.0,925.0,909.0,3323.0,3318.0,395.0,405.0
2020-07-10,sugar,Expected Reaction,188.0,-0.006756750225933819,11.84000015258789,11.760000228881836,2020-07-01,Bearish,NO,102.77,104.67,1656.0,1468.0,942.0,925.0,2648.0,3323.0,425.0,395.0
2020-08-12,sugar,Bearish News Failure,132.0,0.007849323647275837,12.739999771118164,12.84000015258789,2020-08-01,Bearish,YES,104.91,102.77,1788.0,1656.0,925.0,942.0,2756.0,2648.0,610.0,425.0
2020-09-11,sugar,Expected Reaction,-129.0,0.0008396497909281739,11.90999984741211,11.920000076293944,2020-09-01,Bullish,NO,103.84,104.91,1659.0,1788.0,925.0,925.0,2503.0,2756.0,460.0,610.0
2020-10-09,sugar,Bearish News Failure,90.0,0.004234260100164869,14.170000076293944,14.229999542236328,2020-10-01,Bearish,YES,101.13,103.84,1749.0,1659.0,883.0,925.0,2167.0,2503.0,290.0,460.0
2020-11-10,sugar,Bullish News Failure,-440.0,-0.013440847293478199,14.880000114440918,14.68000030517578,2020-11-01,Bullish,YES,101.44,101.13,1309.0,1749.0,877.0,883.0,1702.0,2167.0,190.0,290.0
2020-12-10,sugar,Expected Reaction,357.0,-0.020708110493456056,14.970000267028809,14.65999984741211,2020-12-01,Bearish,NO,97.52,101.44,1666.0,1309.0,862.0,877.0,1702.0,1702.0,175.0,190.0
2021-01-12,sugar,Expected Reaction,111.0,-0.01340140632575142,15.670000076293944,15.460000038146973,2021-01-01,Bearish,NO,96.32,97.52,1777.0,1666.0,836.0,862.0,1552.0,1702.0,140.0,175.0
2021-02-09,sugar,Bearish News Failure,216.0,0.01044868294473988,16.270000457763672,16.440000534057617,2021-02-01,Bearish,YES,95.74,96.32,1993.0,1777.0,836.0,836.0,1502.0,1552.0,120.0,140.0
2021-03-09,sugar,Bullish News Failure,-145.0,-0.018518588288927152,16.200000762939453,15.899999618530272,2021-03-01,Bullish,YES,94.59,95.74,1848.0,1993.0,836.0,836.0,1502.0,1502.0,120.0,120.0
2021-04-09,sugar,Neutral/No Change,0.0,0.018445304831497557,15.18000030517578,15.460000038146973,2021-04-01,Neutral,N/A,93.46,94.59,1848.0,1848.0,852.0,836.0,1352.0,1502.0,120.0,120.0
2021-05-12,sugar,Bullish News Failure,-303.0,-0.01436465322663843,18.100000381469727,17.84000015258789,2021-05-01,Bullish,YES,90.99,,1502.0,1805.0,,,,,,
2021-06-10,sugar,Bullish News Failure,-50.0,-0.00394809343663353,17.729999542236328,17.65999984741211,2021-06-01,Bullish,YES,89.3,90.99,1452.0,1502.0,770.0,774.0,1357.0,1507.0,155.0,140.0
2021-07-12,sugar,Expected Reaction,204.0,-0.01678245972243884,17.280000686645508,16.989999771118164,2021-07-01,Bearish,NO,87.74,89.3,1656.0,1452.0,665.0,770.0,1432.0,1357.0,155.0,155.0
2021-08-12,sugar,Bearish News Failure,16.0,0.0035953571978216453,19.469999313354492,19.540000915527344,2021-08-01,Bearish,YES,87.23,87.74,1672.0,1656.0,627.0,665.0,1242.0,1432.0,155.0,155.0
2021-09-10,sugar,Bullish News Failure,-6.0,-0.023388714186282338,19.239999771118164,18.790000915527344,2021-09-01,Bullish,YES,86.68,87.23,1666.0,1672.0,615.0,627.0,1408.0,1242.0,185.0,155.0
2021-10-12,sugar,Bullish News Failure,-39.0,-0.012788993106618725,20.329999923706055,20.06999969482422,2021-10-01,Bullish,YES,87.13,86.68,1627.0,1666.0,580.0,615.0,1500.0,1408.0,320.0,185.0
2021-11-09,sugar,Expected Reaction,138.0,-0.001004039040515551,19.920000076293945,19.899999618530273,2021-11-01,Bearish,NO,86.93,87.13,1765.0,1627.0,583.0,580.0,1493.0,1500.0,340.0,320.0
2021-12-09,sugar,Bullish News Failure,-87.0,-0.00655898903977024,19.81999969482422,19.690000534057617,2021-12-01,Bullish,YES,85.73,86.93,1678.0,1765.0,598.0,583.0,1493.0,1493.0,340.0,340.0
2022-01-12,sugar,Bearish News Failure,95.0,0.012700139949463361,18.11000061035156,18.34000015258789,2022-01-01,Bearish,YES,85.01,85.73,1773.0,1678.0,628.0,598.0,1540.0,1493.0,350.0,340.0
2022-02-09,sugar,Bearish News Failure,45.0,0.022123872799678704,18.079999923706055,18.479999542236328,2022-02-01,Bearish,YES,84.31,85.01,1818.0,1773.0,648.0,628.0,1540.0,1540.0,325.0,350.0
2022-03-09,sugar,Bullish News Failure,-126.0,-0.02521872174071132,19.43000030517578,18.940000534057617,2022-03-01,Bullish,YES,82.57,84.31,1692.0,1818.0,653.0,648.0,1440.0,1540.0,285.0,325.0
2022-04-08,sugar,Expected Reaction,-125.0,0.02872982310687478,19.84000015258789,20.40999984741211,2022-04-01,Bullish,NO,83.38,82.57,1567.0,1692.0,678.0,653.0,1440.0,1440.0,260.0,285.0
2022-05-12,sugar,Expected Reaction,-547.0,0.004851760446872973,18.549999237060547,18.63999938964844,2022-05-01,Bullish,NO,82.82,,1266.0,1813.0,,,,,,
2022-06-10,sugar,Bullish News Failure,-303.0,-0.02177294226854439,19.290000915527344,18.8700008392334,2022-06-01,Bullish,YES,82.77,82.82,963.0,1266.0,627.0,619.0,1400.0,1360.0,280.0,310.0
2022-07-12,sugar,Expected Reaction,601.0,-0.00901378954360346,18.86000061035156,18.690000534057617,2022-07-01,Bearish,NO,84.26,82.77,1564.0,963.0,639.0,627.0,1470.0,1400.0,230.0,280.0
2022-08-12,sugar,Bearish News Failure,250.0,0.005949194792494598,18.489999771118164,18.600000381469727,2022-08-01,Bearish,YES,82.77,84.26,1814.0,1564.0,610.0,639.0,1388.0,1470.0,245.0,230.0
2022-09-12,sugar,Expected Reaction,-104.0,0.007135075357546752,18.219999313354492,18.350000381469727,2022-09-01,Bullish,NO,84.75,82.77,1710.0,1814.0,610.0,610.0,1219.0,1388.0,200.0,245.0
2022-10-12,sugar,Expected Reaction,162.0,-0.003201679118206457,18.739999771118164,18.68000030517578,2022-10-01,Bearish,NO,87.87,84.75,1872.0,1710.0,576.0,610.0,1172.0,1219.0,200.0,200.0
2022-11-09,sugar,Expected Reaction,-171.0,0.019999955829821135,19.0,19.3799991607666,2022-11-01,Bullish,NO,87.27,87.87,1701.0,1872.0,571.0,576.0,1182.0,1172.0,220.0,200.0
2022-12-09,sugar,Expected Reaction,6.0,-0.004065036710645525,19.68000030517578,19.600000381469727,2022-12-01,Bearish,NO,89.56,87.27,1707.0,1701.0,571.0,571.0,1257.0,1182.0,220.0,220.0
2023-01-12,sugar,Expected Reaction,178.0,-0.003053407995275599,19.649999618530273,19.59000015258789,2023-01-01,Bearish,NO,89.93,89.56,1885.0,1707.0,567.0,571.0,1242.0,1257.0,210.0,220.0
2023-02-08,sugar,Expected Reaction,-11.0,0.017274501329927198,20.84000015258789,21.200000762939453,2023-02-01,Bullish,NO,89.08,89.93,1874.0,1885.0,568.0,567.0,1267.0,1242.0,225.0,210.0
2023-03-08,sugar,Bullish News Failure,-154.0,-0.00666038505938097,21.020000457763672,20.8799991607666,2023-03-01,Bullish,YES,91.15,89.08,1720.0,1874.0,568.0,568.0,1342.0,1267.0,210.0,225.0
2023-04-11,sugar,Bearish News Failure,177.0,0.03438036467114224,23.559999465942383,24.3700008392334,2023-04-01,Bearish,YES,92.01,91.15,1897.0,1720.0,598.0,568.0,1342.0,1342.0,210.0,210.0
2023-05-12,sugar,Expected Reaction,-290.0,0.007686350963577559,26.020000457763672,26.219999313354492,2023-05-01,Bullish,NO,92.28,,1444.0,1734.0,,,,,,
2023-06-09,sugar,Bullish News Failure,-91.0,-0.003924661823637919,25.479999542236328,25.3799991607666,2023-06-01,Bullish,YES,92.79,92.28,1353.0,1444.0,562.0,556.0,2257.0,2222.0,350.0,335.0
2023-07-12,sugar,Bearish News Failure,366.0,0.016149560122294036,23.530000686645508,23.90999984741211,2023-07-01,Bearish,YES,94.52,92.79,1719.0,1353.0,592.0,562.0,2262.0,2257.0,300.0,350.0
2023-08-11,sugar,Bearish News Failure,223.0,0.015866352762485807,23.950000762939453,24.329999923706055,2023-08-01,Bearish,YES,91.6,94.52,1942.0,1719.0,615.0,592.0,2202.0,2262.0,245.0,300.0
2023-09-12,sugar,Expected Reaction,-228.0,0.01628789058292115,26.399999618530273,26.829999923706055,2023-09-01,Bullish,NO,89.96,91.6,1714.0,1942.0,615.0,615.0,2221.0,2202.0,220.0,245.0
2023-10-12,sugar,Bullish News Failure,-157.0,-0.0018939105220839548,26.399999618530273,26.350000381469727,2023-10-01,Bullish,YES,79.92,89.96,1557.0,1714.0,670.0,615.0,2111.0,2221.0,220.0,220.0
2023-11-09,sugar,Bearish News Failure,12.0,0.02094824040248212,27.209999084472656,27.780000686645508,2023-11-01,Bearish,YES,81.5,79.92,1569.0,1557.0,684.0,670.0,2156.0,2111.0,245.0,220.0
2023-12-08,sugar,Bearish News Failure,55.0,0.014329132169649018,23.030000686645508,23.36000061035156,2023-12-01,Bearish,YES,82.4,81.5,1624.0,1569.0,659.0,684.0,2131.0,2156.0,245.0,245.0
2024-01-12,sugar,Expected Reaction,130.0,-0.0068933647496558365,21.760000228881836,21.61000061035156,2024-01-01,Bearish,NO,84.38,82.4,1754.0,1624.0,648.0,659.0,2162.0,2131.0,280.0,245.0
2024-02-08,sugar,Bearish News Failure,51.0,0.004187620811730227,23.8799991607666,23.979999542236328,2024-02-01,Bearish,YES,83.7,84.38,1805.0,1754.0,658.0,648.0,2172.0,2162.0,315.0,280.0
2024-03-08,sugar,Bullish News Failure,-104.0,-0.0061090725526535316,21.280000686645508,21.149999618530273,2024-03-01,Bullish,YES,83.34,83.7,1701.0,1805.0,673.0,658.0,2172.0,2172.0,315.0,315.0
2024-04-11,sugar,Expected Reaction,21.0,-0.028424917475615978,21.459999084472656,20.850000381469727,2024-04-01,Bearish,NO,83.08,83.34,1722.0,1701.0,698.0,673.0,2122.0,2172.0,340.0,315.0
2024-05-10,sugar,Bullish News Failure,-294.0,-0.014300341559578003,19.579999923706055,19.299999237060547,2024-05-01,Bullish,YES,83.01,,1464.0,1758.0,,,,,,
2024-06-12,sugar,Expected Reaction,-19.0,0.01649810808078306,18.790000915527344,19.100000381469727,2024-06-01,Bullish,NO,83.49,83.01,1445.0,1464.0,758.0,766.0,2102.0,2102.0,455.0,445.0
2024-07-12,sugar,Expected Reaction,250.0,-0.011837341154084318,19.43000030517578,19.200000762939453,2024-07-01,Bearish,NO,82.63,83.49,1695.0,1445.0,856.0,758.0,2097.0,2102.0,435.0,455.0
2024-08-12,sugar,Expected Reaction,290.0,-0.010281311223776794,18.479999542236328,18.290000915527344,2024-08-01,Bearish,NO,77.61,82.63,1985.0,1695.0,828.0,856.0,2073.0,2097.0,560.0,435.0
2024-09-12,sugar,Expected Reaction,-208.0,0.018152704799655067,18.729999542236328,19.06999969482422,2024-09-01,Bullish,NO,76.49,77.61,1777.0,1985.0,828.0,828.0,2057.0,2073.0,550.0,560.0
2024-10-11,sugar,Bearish News Failure,11.0,0.0036101048852397555,22.15999984741211,22.239999771118164,2024-10-01,Bearish,YES,76.33,76.49,1788.0,1777.0,812.0,828.0,1999.0,2057.0,550.0,550.0
2024-11-08,sugar,Bullish News Failure,-324.0,-0.017117164642156492,22.200000762939453,21.81999969482422,2024-11-01,Bullish,YES,75.75,76.33,1464.0,1788.0,815.0,812.0,1938.0,1999.0,470.0,550.0
2024-12-10,sugar,Expected Reaction,232.0,-0.02139530625454215,21.5,21.040000915527344,2024-12-01,Bearish,NO,76.02,75.75,1696.0,1464.0,795.0,815.0,1738.0,1938.0,470.0,470.0
2025-01-10,sugar,Bearish News Failure,243.0,0.006282666465346522,19.100000381469727,19.219999313354492,2025-01-01,Bearish,YES,77.91,76.02,1939.0,1696.0,798.0,795.0,1540.0,1738.0,380.0,470.0
2025-02-11,sugar,Expected Reaction,-26.0,0.01897440201196915,19.5,19.8700008392334,2025-02-01,Bullish,NO,78.41,77.91,1913.0,1939.0,794.0,798.0,1540.0,1540.0,380.0,380.0
2025-03-11,sugar,Bullish News Failure,-41.0,-0.009549087614487714,18.850000381469727,18.670000076293945,2025-03-01,Bullish,YES,78.33,78.41,1872.0,1913.0,819.0,794.0,1540.0,1540.0,380.0,380.0
2025-04-10,sugar,Bearish News Failure,144.0,0.011725348610297894,17.90999984741211,18.1200008392334,2025-04-01,Bearish,YES,78.86,78.33,2016.0,1872.0,846.0,819.0,1465.0,1540.0,375.0,380.0
2025-05-12,sugar,Bullish News Failure,-596.0,-0.004499433105542135,17.780000686645508,17.700000762939453,2025-05-01,Bullish,YES,78.38,,1436.0,2032.0,,,,,,
2025-06-12,sugar,Expected Reaction,7.0,-0.009135177699958264,16.420000076293945,16.270000457763672,2025-06-01,Bearish,NO,76.8,78.38,1443.0,1436.0,898.0,923.0,1750.0,1800.0,295.0,295.0
2025-07-11,sugar,Bearish News Failure,200.0,0.019065157538666333,16.260000228881836,16.56999969482422,2025-07-01,Bearish,YES,77.32,76.8,1643.0,1443.0,890.0,898.0,1660.0,1750.0,310.0,295.0
2025-08-12,sugar,Bearish News Failure,517.0,0.02728931286752463,16.489999771118164,16.940000534057617,2025-08-01,Bearish,YES,73.91,77.32,2160.0,1643.0,869.0,890.0,2117.0,1660.0,290.0,310.0
2025-09-12,sugar,Bullish News Failure,-184.0,-0.0018963169121304156,15.81999969482422,15.789999961853027,2025-09-01,Bullish,YES,73.14,73.91,1976.0,2160.0,844.0,869.0,2110.0,2117.0,300.0,290.0
2025-11-14,sugar,Expected Reaction,-131.0,0.036011113079954034,14.4399995803833,14.960000038146973,2025-11-01,Bullish,NO,75.93,73.14,1845.0,1976.0,901.0,844.0,2154.0,2110.0,290.0,300.0
2025-12-09,sugar,Expected Reaction,22.0,-0.010121431958103434,14.81999969482422,14.670000076293944,2025-12-01,Bearish,NO,75.97,75.93,1867.0,1845.0,901.0,901.0,2029.0,2154.0,290.0,290.0
2026-01-12,sugar,Expected Reaction,55.0,-0.0033579710934852516,14.890000343322754,14.84000015258789,2026-01-01,Bearish,NO,74.48,75.97,1922.0,1867.0,926.0,901.0,2227.0,2029.0,350.0,290.0
2020-01-10,wheat,Expected Reaction,-9.0,0.004001778568252557,562.25,564.5,2020-01-01,Bullish,NO,79.59,80.32,1556.0,1655.0,965.0,974.0,1892.0,1910.0,475.0,475.0
2020-02-11,wheat,Bullish News Failure,-25.0,-0.018115942028985508,552.0,542.0,2020-02-01,Bullish,YES,82.12,79.59,1516.0,1556.0,940.0,965.0,1892.0,1892.0,425.0,475.0
2020-03-10,wheat,Neutral/No Change,0.0,0.00861656294877932,522.25,526.75,2020-03-01,Neutral,N/A,83.4,82.12,888.0,1516.0,940.0,940.0,1892.0,1892.0,425.0,425.0
2020-04-09,wheat,Bearish News Failure,30.0,0.015047879616963064,548.25,556.5,2020-04-01,Bearish,YES,91.26,83.4,1434.0,888.0,970.0,940.0,2092.0,1892.0,480.0,425.0
2020-05-12,wheat,Neutral/No Change,,-0.005717008099094807,524.75,521.75,2020-05-01,Neutral,N/A,99.43,,1468.0,1273.0,,,,,,
2020-06-11,wheat,Expected Reaction,16.0,-0.013827160493827161,506.25,499.25,2020-06-01,Bearish,NO,104.67,99.43,1468.0,1468.0,925.0,909.0,3323.0,3318.0,395.0,405.0
2020-07-10,wheat,Bearish News Failure,17.0,0.018052256532066508,526.25,535.75,2020-07-01,Bearish,YES,102.77,104.67,1656.0,1468.0,942.0,925.0,2648.0,3323.0,425.0,395.0
2020-08-12,wheat,Bullish News Failure,-17.0,-0.007575757575757576,495.0,491.25,2020-08-01,Bullish,YES,104.91,102.77,1788.0,1656.0,925.0,942.0,2756.0,2648.0,610.0,425.0
2020-09-11,wheat,Neutral/No Change,0.0,-0.011574074074074073,540.0,533.75,2020-09-01,Neutral,N/A,103.84,104.91,1659.0,1788.0,925.0,925.0,2503.0,2756.0,460.0,610.0
2020-10-09,wheat,Bullish News Failure,-42.0,-0.00251994960100798,595.25,593.75,2020-10-01,Bullish,YES,101.13,103.84,1749.0,1659.0,883.0,925.0,2167.0,2503.0,290.0,460.0
2020-11-10,wheat,Expected Reaction,-6.0,0.018410041841004185,597.5,608.5,2020-11-01,Bullish,NO,101.44,101.13,1309.0,1749.0,877.0,883.0,1702.0,2167.0,190.0,290.0
2020-12-10,wheat,Expected Reaction,-15.0,0.02296360485268631,577.0,590.25,2020-12-01,Bullish,NO,97.52,101.44,1666.0,1309.0,862.0,877.0,1702.0,1702.0,175.0,190.0
2021-01-12,wheat,Expected Reaction,-26.0,0.04765655769988184,634.75,665.0,2021-01-01,Bullish,NO,96.32,97.52,1777.0,1666.0,836.0,862.0,1552.0,1702.0,140.0,175.0
2021-02-09,wheat,Neutral/No Change,0.0,-0.009531071292413268,655.75,649.5,2021-02-01,Neutral,N/A,95.74,96.32,1993.0,1777.0,836.0,836.0,1502.0,1552.0,120.0,140.0
2021-03-09,wheat,Neutral/No Change,0.0,0.015467904098994586,646.5,656.5,2021-03-01,Neutral,N/A,94.59,95.74,1848.0,1993.0,836.0,836.0,1502.0,1502.0,120.0,120.0
2021-04-09,wheat,Bearish News Failure,16.0,0.015904572564612324,628.75,638.75,2021-04-01,Bearish,YES,93.46,94.59,1848.0,1848.0,852.0,836.0,1352.0,1502.0,120.0,120.0
2021-05-12,wheat,Neutral/No Change,,-0.006581112207963146,759.75,754.75,2021-05-01,Neutral,N/A,90.99,,1502.0,1805.0,,,,,,
2021-06-10,wheat,Expected Reaction,-4.0,0.0021986075485525836,682.25,683.75,2021-06-01,Bullish,NO,89.3,90.99,1452.0,1502.0,770.0,774.0,1357.0,1507.0,155.0,140.0
2021-07-12,wheat,Expected Reaction,-105.0,0.043549712407559574,608.5,635.0,2021-07-01,Bullish,NO,87.74,89.3,1656.0,1452.0,665.0,770.0,1432.0,1357.0,155.0,155.0
2021-08-12,wheat,Expected Reaction,-38.0,0.03645116918844567,727.0,753.5,2021-08-01,Bullish,NO,87.23,87.74,1672.0,1656.0,627.0,665.0,1242.0,1432.0,155.0,155.0
2021-09-10,wheat,Bullish News Failure,-12.0,-0.009537784299339692,681.5,675.0,2021-09-01,Bullish,YES,86.68,87.23,1666.0,1672.0,615.0,627.0,1408.0,1242.0,185.0,155.0
2021-10-12,wheat,Expected Reaction,-35.0,0.0030748206354629312,731.75,734.0,2021-10-01,Bullish,NO,87.13,86.68,1627.0,1666.0,580.0,615.0,1500.0,1408.0,320.0,185.0
2021-11-09,wheat,Bearish News Failure,3.0,0.013671875,768.0,778.5,2021-11-01,Bearish,YES,86.93,87.13,1765.0,1627.0,583.0,580.0,1493.0,1500.0,340.0,320.0
2021-12-09,wheat,Expected Reaction,15.0,-0.022432859399684046,791.25,773.5,2021-12-01,Bearish,NO,85.73,86.93,1678.0,1765.0,598.0,583.0,1493.0,1493.0,340.0,340.0
2022-01-12,wheat,Expected Reaction,30.0,-0.01622849724115547,770.25,757.75,2022-01-01,Bearish,NO,85.01,85.73,1773.0,1678.0,628.0,598.0,1540.0,1493.0,350.0,340.0
2022-02-09,wheat,Bearish News Failure,20.0,0.008025682182985553,778.75,785.0,2022-02-01,Bearish,YES,84.31,85.01,1818.0,1773.0,648.0,628.0,1540.0,1540.0,325.0,350.0
2022-03-09,wheat,Expected Reaction,5.0,-0.05773762765121759,1273.0,1199.5,2022-03-01,Bearish,NO,82.57,84.31,1692.0,1818.0,653.0,648.0,1440.0,1540.0,285.0,325.0
2022-04-08,wheat,Bearish News Failure,25.0,0.030882352941176472,1020.0,1051.5,2022-04-01,Bearish,YES,83.38,82.57,1567.0,1692.0,678.0,653.0,1440.0,1440.0,260.0,285.0
2022-05-12,wheat,Neutral/No Change,,0.059301014656144305,1108.75,1174.5,2022-05-01,Neutral,N/A,82.82,,1266.0,1813.0,,,,,,
2022-06-10,wheat,Expected Reaction,8.0,-0.0004667444574095683,1071.25,1070.75,2022-06-01,Bearish,NO,82.77,82.82,963.0,1266.0,627.0,619.0,1400.0,1360.0,280.0,310.0
2022-07-12,wheat,Expected Reaction,12.0,-0.050074074074074076,843.75,801.5,2022-07-01,Bearish,NO,84.26,82.77,1564.0,963.0,639.0,627.0,1470.0,1400.0,230.0,280.0
2022-08-12,wheat,Bullish News Failure,-29.0,-0.00585877274128893,810.75,806.0,2022-08-01,Bullish,YES,82.77,84.26,1814.0,1564.0,610.0,639.0,1388.0,1470.0,245.0,230.0
2022-09-12,wheat,Neutral/No Change,0.0,-0.014063873425139173,853.25,841.25,2022-09-01,Neutral,N/A,84.75,82.77,1710.0,1814.0,610.0,610.0,1219.0,1388.0,200.0,245.0
2022-10-12,wheat,Bullish News Failure,-34.0,-0.020810210876803552,901.0,882.25,2022-10-01,Bullish,YES,87.87,84.75,1872.0,1710.0,576.0,610.0,1172.0,1219.0,200.0,200.0
2022-11-09,wheat,Bullish News Failure,-5.0,-0.02567200241618846,827.75,806.5,2022-11-01,Bullish,YES,87.27,87.87,1701.0,1872.0,571.0,576.0,1182.0,1172.0,220.0,200.0
2022-12-09,wheat,Neutral/No Change,0.0,-0.01587849499482223,724.25,712.75,2022-12-01,Neutral,N/A,89.56,87.27,1707.0,1701.0,571.0,571.0,1257.0,1182.0,220.0,220.0
2023-01-12,wheat,Expected Reaction,-4.0,0.0037162162162162164,740.0,742.75,2023-01-01,Bullish,NO,89.93,89.56,1885.0,1707.0,567.0,571.0,1242.0,1257.0,210.0,220.0
2023-02-08,wheat,Bearish News Failure,1.0,0.020006668889629875,749.75,764.75,2023-02-01,Bearish,YES,89.08,89.93,1874.0,1885.0,568.0,567.0,1267.0,1242.0,225.0,210.0
2023-03-08,wheat,Neutral/No Change,0.0,-0.014968966776195691,684.75,674.5,2023-03-01,Neutral,N/A,91.15,89.08,1720.0,1874.0,568.0,568.0,1342.0,1267.0,210.0,225.0
2023-04-11,wheat,Expected Reaction,30.0,-0.006632277081798084,678.5,674.0,2023-04-01,Bearish,NO,92.01,91.15,1897.0,1720.0,598.0,568.0,1342.0,1342.0,210.0,210.0
2023-05-12,wheat,Neutral/No Change,,0.016687016687016686,614.25,624.5,2023-05-01,Neutral,N/A,92.28,,1444.0,1734.0,,,,,,
2023-06-09,wheat,Bearish News Failure,6.0,0.006387225548902195,626.25,630.25,2023-06-01,Bearish,YES,92.79,92.28,1353.0,1444.0,562.0,556.0,2257.0,2222.0,350.0,335.0
2023-07-12,wheat,Expected Reaction,30.0,-0.0434949961508853,649.5,621.25,2023-07-01,Bearish,NO,94.52,92.79,1719.0,1353.0,592.0,562.0,2262.0,2257.0,300.0,350.0
2023-08-11,wheat,Expected Reaction,23.0,-0.01724813798510388,637.75,626.75,2023-08-01,Bearish,NO,91.6,94.52,1942.0,1719.0,615.0,592.0,2202.0,2262.0,245.0,300.0
2023-09-12,wheat,Neutral/No Change,0.0,0.007643884892086331,556.0,560.25,2023-09-01,Neutral,N/A,89.96,91.6,1714.0,1942.0,615.0,615.0,2221.0,2202.0,220.0,245.0
2023-10-12,wheat,Bearish News Failure,55.0,0.02787769784172662,556.0,571.5,2023-10-01,Bearish,YES,79.92,89.96,1557.0,1714.0,670.0,615.0,2111.0,2221.0,220.0,220.0
2023-11-09,wheat,Expected Reaction,14.0,-0.019417475728155338,592.25,580.75,2023-11-01,Bearish,NO,81.5,79.92,1569.0,1557.0,684.0,670.0,2156.0,2111.0,245.0,220.0
2023-12-08,wheat,Bullish News Failure,-25.0,-0.01757188498402556,626.0,615.0,2023-12-01,Bullish,YES,82.4,81.5,1624.0,1569.0,659.0,684.0,2131.0,2156.0,245.0,245.0
2024-01-12,wheat,Bullish News Failure,-11.0,-0.012836438923395446,603.75,596.0,2024-01-01,Bullish,YES,84.38,82.4,1754.0,1624.0,648.0,659.0,2162.0,2131.0,280.0,245.0
2024-02-08,wheat,Expected Reaction,10.0,-0.022425249169435217,602.0,588.5,2024-02-01,Bearish,NO,83.7,84.38,1805.0,1754.0,658.0,648.0,2172.0,2162.0,315.0,280.0
2024-03-08,wheat,Bearish News Failure,15.0,0.011521843494959194,520.75,526.75,2024-03-01,Bearish,YES,83.34,83.7,1701.0,1805.0,673.0,658.0,2172.0,2172.0,315.0,315.0
2024-04-11,wheat,Expected Reaction,25.0,-0.012085944494180842,558.5,551.75,2024-04-01,Bearish,NO,83.08,83.34,1722.0,1701.0,698.0,673.0,2122.0,2172.0,340.0,315.0
2024-05-10,wheat,Neutral/No Change,,0.04195240016135539,619.75,645.75,2024-05-01,Neutral,N/A,83.01,,1464.0,1758.0,,,,,,
2024-06-12,wheat,Bullish News Failure,-8.0,-0.015163607342378291,626.5,617.0,2024-06-01,Bullish,YES,83.49,83.01,1445.0,1464.0,758.0,766.0,2102.0,2102.0,455.0,445.0
2024-07-12,wheat,Expected Reaction,98.0,-0.02931889941362201,554.25,538.0,2024-07-01,Bearish,NO,82.63,83.49,1695.0,1445.0,856.0,758.0,2097.0,2102.0,435.0,455.0
2024-08-12,wheat,Bullish News Failure,-28.0,-0.010599078341013824,542.5,536.75,2024-08-01,Bullish,YES,77.61,82.63,1985.0,1695.0,828.0,856.0,2073.0,2097.0,560.0,435.0
2024-09-12,wheat,Neutral/No Change,0.0,-0.0013303769401330377,563.75,563.0,2024-09-01,Neutral,N/A,76.49,77.61,1777.0,1985.0,828.0,828.0,2057.0,2073.0,550.0,560.0
2024-10-11,wheat,Bullish News Failure,-16.0,-0.007867494824016562,603.75,599.0,2024-10-01,Bullish,YES,76.33,76.49,1788.0,1777.0,812.0,828.0,1999.0,2057.0,550.0,550.0
2024-11-08,wheat,Bearish News Failure,3.0,0.0017497812773403325,571.5,572.5,2024-11-01,Bearish,YES,75.75,76.33,1464.0,1788.0,815.0,812.0,1938.0,1999.0,470.0,550.0
2024-12-10,wheat,Expected Reaction,-20.0,0.0013856812933025404,541.25,542.0,2024-12-01,Bullish,NO,76.02,75.75,1696.0,1464.0,795.0,815.0,1738.0,1938.0,470.0,470.0
2025-01-10,wheat,Expected Reaction,3.0,-0.006086142322097378,534.0,530.75,2025-01-01,Bearish,NO,77.91,76.02,1939.0,1696.0,798.0,795.0,1540.0,1738.0,380.0,470.0
2025-02-11,wheat,Bullish News Failure,-4.0,-0.004314063848144953,579.5,577.0,2025-02-01,Bullish,YES,78.41,77.91,1913.0,1939.0,794.0,798.0,1540.0,1540.0,380.0,380.0
2025-03-11,wheat,Expected Reaction,25.0,-0.007794589637780834,545.25,541.0,2025-03-01,Bearish,NO,78.33,78.41,1872.0,1913.0,819.0,794.0,1540.0,1540.0,380.0,380.0
2025-04-10,wheat,Expected Reaction,27.0,-0.007837713231904103,542.25,538.0,2025-04-01,Bearish,NO,78.86,78.33,2016.0,1872.0,846.0,819.0,1465.0,1540.0,375.0,380.0
2025-05-12,wheat,Neutral/No Change,,-0.012858555885262116,505.5,499.0,2025-05-01,Neutral,N/A,78.38,,1436.0,2032.0,,,,,,
2025-06-12,wheat,Bullish News Failure,-25.0,-0.014506317267197005,534.25,526.5,2025-06-01,Bullish,YES,76.8,78.38,1443.0,1436.0,898.0,923.0,1750.0,1800.0,295.0,295.0
2025-07-11,wheat,Bullish News Failure,-8.0,-0.017264879600181735,550.25,540.75,2025-07-01,Bullish,YES,77.32,76.8,1643.0,1443.0,890.0,898.0,1660.0,1750.0,310.0,295.0
2025-08-12,wheat,Bullish News Failure,-21.0,-0.019417475728155338,515.0,505.0,2025-08-01,Bullish,YES,73.91,77.32,2160.0,1643.0,869.0,890.0,2117.0,1660.0,290.0,310.0
2025-09-12,wheat,Expected Reaction,-25.0,0.0,503.0,503.0,2025-09-01,Bullish,NO,73.14,73.91,1976.0,2160.0,844.0,869.0,2110.0,2117.0,300.0,290.0
2025-11-14,wheat,Expected Reaction,57.0,-0.015865608959402706,535.75,527.25,2025-11-01,Bearish,NO,75.93,73.14,1845.0,1976.0,901.0,844.0,2154.0,2110.0,290.0,300.0
2025-12-09,wheat,Neutral/No Change,0.0,0.0004664179104477612,536.0,536.25,2025-12-01,Neutral,N/A,75.97,75.93,1867.0,1845.0,901.0,901.0,2029.0,2154.0,290.0,290.0
2026-01-12,wheat,Expected Reaction,25.0,-0.011599806669888834,517.25,511.25,2026-01-01,Bearish,NO,74.48,75.97,1922.0,1867.0,926.0,901.0,2227.0,2029.0,350.0,290.0
2020-01-10,corn,Expected Reaction,-18.0,0.006523157208088715,383.25,385.75,2020-01-01,Bullish,NO,79.59,80.32,1556.0,1655.0,965.0,974.0,1892.0,1910.0,475.0,475.0
2020-02-11,corn,Neutral/No Change,0.0,-0.005239030779305829,381.75,379.75,2020-02-01,Neutral,N/A,82.12,79.59,1516.0,1556.0,940.0,965.0,1892.0,1892.0,425.0,475.0
2020-03-10,corn,Neutral/No Change,0.0,0.015364061456245824,374.25,380.0,2020-03-01,Neutral,N/A,83.4,82.12,888.0,1516.0,940.0,940.0,1892.0,1892.0,425.0,425.0
2020-04-09,corn,Bearish News Failure,200.0,0.005303030303030303,330.0,331.75,2020-04-01,Bearish,YES,91.26,83.4,1434.0,888.0,970.0,940.0,2092.0,1892.0,480.0,425.0
2020-05-12,corn,Neutral/No Change,,0.016483516483516484,318.5,323.75,2020-05-01,Neutral,N/A,99.43,,1468.0,1273.0,,,,,,
2020-06-11,corn,Bearish News Failure,5.0,0.010727969348659003,326.25,329.75,2020-06-01,Bearish,YES,104.67,99.43,1468.0,1468.0,925.0,909.0,3323.0,3318.0,395.0,405.0
2020-07-10,corn,Bullish News Failure,-675.0,-0.030604982206405694,351.25,340.5,2020-07-01,Bullish,YES,102.77,104.67,1656.0,1468.0,942.0,925.0,2648.0,3323.0,425.0,395.0
2020-08-12,corn,Bearish News Failure,108.0,0.009630818619582664,311.5,314.5,2020-08-01,Bearish,YES,104.91,102.77,1788.0,1656.0,925.0,942.0,2756.0,2648.0,610.0,425.0
2020-09-11,corn,Expected Reaction,-253.0,0.021693491952414275,357.25,365.0,2020-09-01,Bullish,NO,103.84,104.91,1659.0,1788.0,925.0,925.0,2503.0,2756.0,460.0,610.0
2020-10-09,corn,Expected Reaction,-336.0,0.020671834625323,387.0,395.0,2020-10-01,Bullish,NO,101.13,103.84,1749.0,1659.0,883.0,925.0,2167.0,2503.0,290.0,460.0
2020-11-10,corn,Expected Reaction,-465.0,0.03803680981595092,407.5,423.0,2020-11-01,Bullish,NO,101.44,101.13,1309.0,1749.0,877.0,883.0,1702.0,2167.0,190.0,290.0
2020-12-10,corn,Neutral/No Change,0.0,-0.004146919431279621,422.0,420.25,2020-12-01,Neutral,N/A,97.52,101.44,1666.0,1309.0,862.0,877.0,1702.0,1702.0,175.0,190.0
2021-01-12,corn,Expected Reaction,-150.0,0.05078720162519045,492.25,517.25,2021-01-01,Bullish,NO,96.32,97.52,1777.0,1666.0,836.0,862.0,1552.0,1702.0,140.0,175.0
2021-02-09,corn,Bullish News Failure,-50.0,-0.013303769401330377,563.75,556.25,2021-02-01,Bullish,YES,95.74,96.32,1993.0,1777.0,836.0,836.0,1502.0,1552.0,120.0,140.0
2021-03-09,corn,Neutral/No Change,0.0,-0.005309734513274336,565.0,562.0,2021-03-01,Neutral,N/A,94.59,95.74,1848.0,1993.0,836.0,836.0,1502.0,1502.0,120.0,120.0
2021-04-09,corn,Bullish News Failure,-150.0,-0.004312203536006899,579.75,577.25,2021-04-01,Bullish,YES,93.46,94.59,1848.0,1848.0,852.0,836.0,1352.0,1502.0,120.0,120.0
2021-05-12,corn,Neutral/No Change,,-0.0026333113890717576,759.5,757.5,2021-05-01,Neutral,N/A,90.99,,1502.0,1805.0,,,,,,
2021-06-10,corn,Expected Reaction,-150.0,0.011943539630836048,690.75,699.0,2021-06-01,Bullish,NO,89.3,90.99,1452.0,1502.0,770.0,774.0,1357.0,1507.0,155.0,140.0
2021-07-12,corn,Bearish News Failure,75.0,0.06272330289797538,629.75,669.25,2021-07-01,Bearish,YES,87.74,89.3,1656.0,1452.0,665.0,770.0,1432.0,1357.0,155.0,155.0
2021-08-12,corn,Expected Reaction,-190.0,0.019325842696629212,556.25,567.0,2021-08-01,Bullish,NO,87.23,87.74,1672.0,1656.0,627.0,665.0,1242.0,1432.0,155.0,155.0
2021-09-10,corn,Bearish News Failure,166.0,0.013608870967741936,496.0,502.75,2021-09-01,Bearish,YES,86.68,87.23,1666.0,1672.0,615.0,627.0,1408.0,1242.0,185.0,155.0
2021-10-12,corn,Expected Reaction,92.0,-0.019699812382739212,533.0,522.5,2021-10-01,Bearish,NO,87.13,86.68,1627.0,1666.0,580.0,615.0,1500.0,1408.0,320.0,185.0
2021-11-09,corn,Expected Reaction,-7.0,0.0058930190389845875,551.5,554.75,2021-11-01,Bullish,NO,86.93,87.13,1765.0,1627.0,583.0,580.0,1493.0,1500.0,340.0,320.0
2021-12-09,corn,Neutral/No Change,0.0,0.006412997007268063,584.75,588.5,2021-12-01,Neutral,N/A,85.73,86.93,1678.0,1765.0,598.0,583.0,1493.0,1493.0,340.0,340.0
2022-01-12,corn,Expected Reaction,47.0,-0.0033277870216306157,601.0,599.0,2022-01-01,Bearish,NO,85.01,85.73,1773.0,1678.0,628.0,598.0,1540.0,1493.0,350.0,340.0
2022-02-09,corn,Neutral/No Change,0.0,0.022933965994464216,632.25,646.75,2022-02-01,Neutral,N/A,84.31,85.01,1818.0,1773.0,648.0,628.0,1540.0,1540.0,325.0,350.0
2022-03-09,corn,Bullish News Failure,-100.0,-0.02584493041749503,754.5,735.0,2022-03-01,Bullish,YES,82.57,84.31,1692.0,1818.0,653.0,648.0,1440.0,1540.0,285.0,325.0
2022-04-08,corn,Neutral/No Change,0.0,0.014516661167931376,757.75,768.75,2022-04-01,Neutral,N/A,83.38,82.57,1567.0,1692.0,678.0,653.0,1440.0,1440.0,260.0,285.0
2022-05-12,corn,Neutral/No Change,,0.014023060143346837,802.25,813.5,2022-05-01,Neutral,N/A,82.82,,1266.0,1813.0,,,,,,
2022-06-10,corn,Bearish News Failure,40.0,0.0003234152652005175,773.0,773.25,2022-06-01,Bearish,YES,82.77,82.82,963.0,1266.0,627.0,619.0,1400.0,1360.0,280.0,310.0
2022-07-12,corn,Expected Reaction,70.0,-0.06208,781.25,732.75,2022-07-01,Bearish,NO,84.26,82.77,1564.0,963.0,639.0,627.0,1470.0,1400.0,230.0,280.0
2022-08-12,corn,Expected Reaction,-82.0,0.0166865315852205,629.25,639.75,2022-08-01,Bullish,NO,82.77,84.26,1814.0,1564.0,610.0,639.0,1388.0,1470.0,245.0,230.0
2022-09-12,corn,Expected Reaction,-169.0,0.01968503937007874,698.5,712.25,2022-09-01,Bullish,NO,84.75,82.77,1710.0,1814.0,610.0,610.0,1219.0,1388.0,200.0,245.0
2022-10-12,corn,Expected Reaction,-47.0,0.0,693.0,693.0,2022-10-01,Bullish,NO,87.87,84.75,1872.0,1710.0,576.0,610.0,1172.0,1219.0,200.0,200.0
2022-11-09,corn,Expected Reaction,10.0,-0.0044943820224719105,667.5,664.5,2022-11-01,Bearish,NO,87.27,87.87,1701.0,1872.0,571.0,576.0,1182.0,1172.0,220.0,200.0
2022-12-09,corn,Bearish News Failure,75.0,0.00435126582278481,632.0,634.75,2022-12-01,Bearish,YES,89.56,87.27,1707.0,1701.0,571.0,571.0,1257.0,1182.0,220.0,220.0
2023-01-12,corn,Expected Reaction,-15.0,0.022865853658536585,656.0,671.0,2023-01-01,Bullish,NO,89.93,89.56,1885.0,1707.0,567.0,571.0,1242.0,1257.0,210.0,220.0
2023-02-08,corn,Bearish News Failure,25.0,0.0066765578635014835,674.0,678.5,2023-02-01,Bearish,YES,89.08,89.93,1874.0,1885.0,568.0,567.0,1267.0,1242.0,225.0,210.0
2023-03-08,corn,Expected Reaction,75.0,-0.011682242990654205,642.0,634.5,2023-03-01,Bearish,NO,91.15,89.08,1720.0,1874.0,568.0,568.0,1342.0,1267.0,210.0,225.0
2023-04-11,corn,Neutral/No Change,0.0,-0.0045871559633027525,654.0,651.0,2023-04-01,Neutral,N/A,92.01,91.15,1897.0,1720.0,598.0,568.0,1342.0,1342.0,210.0,210.0
2023-05-12,corn,Neutral/No Change,,0.0011857707509881424,632.5,633.25,2023-05-01,Neutral,N/A,92.28,,1444.0,1734.0,,,,,,
2023-06-09,corn,Expected Reaction,35.0,-0.009832036050798854,610.25,604.25,2023-06-01,Bearish,NO,92.79,92.28,1353.0,1444.0,562.0,556.0,2257.0,2222.0,350.0,335.0
2023-07-12,corn,Expected Reaction,5.0,-0.038478355924792304,571.75,549.75,2023-07-01,Bearish,NO,94.52,92.79,1719.0,1353.0,592.0,562.0,2262.0,2257.0,300.0,350.0
2023-08-11,corn,Bullish News Failure,-60.0,-0.01810657009829281,483.25,474.5,2023-08-01,Bullish,YES,91.6,94.52,1942.0,1719.0,615.0,592.0,2202.0,2262.0,245.0,300.0
2023-09-12,corn,Expected Reaction,19.0,-0.016976127320954906,471.25,463.25,2023-09-01,Bearish,NO,89.96,91.6,1714.0,1942.0,615.0,615.0,2221.0,2202.0,220.0,245.0
2023-10-12,corn,Expected Reaction,-110.0,0.01639344262295082,488.0,496.0,2023-10-01,Bullish,NO,79.92,89.96,1557.0,1714.0,670.0,615.0,2111.0,2221.0,220.0,220.0
2023-11-09,corn,Expected Reaction,45.0,-0.01680672268907563,476.0,468.0,2023-11-01,Bearish,NO,81.5,79.92,1569.0,1557.0,684.0,670.0,2156.0,2111.0,245.0,220.0
2023-12-08,corn,Bullish News Failure,-25.0,-0.005339028296849973,468.25,465.75,2023-12-01,Bullish,YES,82.4,81.5,1624.0,1569.0,659.0,684.0,2131.0,2156.0,245.0,245.0
2024-01-12,corn,Expected Reaction,31.0,-0.023484434735117424,457.75,447.0,2024-01-01,Bearish,NO,84.38,82.4,1754.0,1624.0,648.0,659.0,2162.0,2131.0,280.0,245.0
2024-02-08,corn,Expected Reaction,10.0,-0.002302820955670697,434.25,433.25,2024-02-01,Bearish,NO,83.7,84.38,1805.0,1754.0,658.0,648.0,2172.0,2162.0,315.0,280.0
2024-03-08,corn,Neutral/No Change,0.0,0.0005868544600938967,426.0,426.25,2024-03-01,Neutral,N/A,83.34,83.7,1701.0,1805.0,673.0,658.0,2172.0,2172.0,315.0,315.0
2024-04-11,corn,Bullish News Failure,-50.0,-0.012665515256188831,434.25,428.75,2024-04-01,Bullish,YES,83.08,83.34,1722.0,1701.0,698.0,673.0,2122.0,2172.0,340.0,315.0
2024-05-10,corn,Neutral/No Change,,0.029361942405420668,442.75,455.75,2024-05-01,Neutral,N/A,83.01,,1464.0,1758.0,,,,,,
2024-06-12,corn,Neutral/No Change,0.0,0.010567296996662959,449.5,454.25,2024-06-01,Neutral,N/A,83.49,83.01,1445.0,1464.0,758.0,766.0,2102.0,2102.0,455.0,445.0
2024-07-12,corn,Bullish News Failure,-5.0,-0.016594960049170254,406.75,400.0,2024-07-01,Bullish,YES,82.63,83.49,1695.0,1445.0,856.0,758.0,2097.0,2102.0,435.0,455.0
2024-08-12,corn,Expected Reaction,-24.0,0.017252820172528202,376.75,383.25,2024-08-01,Bullish,NO,77.61,82.63,1985.0,1695.0,828.0,856.0,2073.0,2097.0,560.0,435.0
2024-09-12,corn,Expected Reaction,-16.0,0.015111695137976347,380.5,386.25,2024-09-01,Bullish,NO,76.49,77.61,1777.0,1985.0,828.0,828.0,2057.0,2073.0,550.0,560.0
2024-10-11,corn,Bullish News Failure,-58.0,-0.006571087216248507,418.5,415.75,2024-10-01,Bullish,YES,76.33,76.49,1788.0,1777.0,812.0,828.0,1999.0,2057.0,550.0,550.0
2024-11-08,corn,Expected Reaction,-61.0,0.008187134502923977,427.5,431.0,2024-11-01,Bullish,NO,75.75,76.33,1464.0,1788.0,815.0,812.0,1938.0,1999.0,470.0,550.0
2024-12-10,corn,Expected Reaction,-200.0,0.014976958525345621,434.0,440.5,2024-12-01,Bullish,NO,76.02,75.75,1696.0,1464.0,795.0,815.0,1738.0,1938.0,470.0,470.0
2025-01-10,corn,Expected Reaction,-198.0,0.03179824561403509,456.0,470.5,2025-01-01,Bullish,NO,77.91,76.02,1939.0,1696.0,798.0,795.0,1540.0,1738.0,380.0,470.0
2025-02-11,corn,Neutral/No Change,0.0,-0.015259409969481181,491.5,484.0,2025-02-01,Neutral,N/A,78.41,77.91,1913.0,1939.0,794.0,798.0,1540.0,1540.0,380.0,380.0
2025-03-11,corn,Neutral/No Change,0.0,-0.004904632152588556,458.75,456.5,2025-03-01,Neutral,N/A,78.33,78.41,1872.0,1913.0,819.0,794.0,1540.0,1540.0,380.0,380.0
2025-04-10,corn,Expected Reaction,-75.0,0.0189873417721519,474.0,483.0,2025-04-01,Bullish,NO,78.86,78.33,2016.0,1872.0,846.0,819.0,1465.0,1540.0,375.0,380.0
2025-05-12,corn,Neutral/No Change,,-0.0028312570781426952,441.5,440.25,2025-05-01,Neutral,N/A,78.38,,1436.0,2032.0,,,,,,
2025-06-12,corn,Expected Reaction,-50.0,0.003432494279176201,437.0,438.5,2025-06-01,Bullish,NO,76.8,78.38,1443.0,1436.0,898.0,923.0,1750.0,1800.0,295.0,295.0
2025-07-11,corn,Bullish News Failure,-90.0,-0.010435850214855739,407.25,403.0,2025-07-01,Bullish,YES,77.32,76.8,1643.0,1443.0,890.0,898.0,1660.0,1750.0,310.0,295.0
2025-08-12,corn,Expected Reaction,457.0,-0.03506493506493506,385.0,371.5,2025-08-01,Bearish,NO,73.91,77.32,2160.0,1643.0,869.0,890.0,2117.0,1660.0,290.0,310.0
2025-09-12,corn,Expected Reaction,-7.0,0.0,399.0,399.0,2025-09-01,Bullish,NO,73.14,73.91,1976.0,2160.0,844.0,869.0,2110.0,2117.0,300.0,290.0
2025-11-14,corn,Expected Reaction,44.0,-0.02548131370328426,441.5,430.25,2025-11-01,Bearish,NO,75.93,73.14,1845.0,1976.0,901.0,844.0,2154.0,2110.0,290.0,300.0
2025-12-09,corn,Expected Reaction,-125.0,0.010315186246418338,436.25,440.75,2025-12-01,Bullish,NO,75.97,75.93,1867.0,1845.0,901.0,901.0,2029.0,2154.0,290.0,290.0
2026-01-12,corn,Expected Reaction,198.0,-0.05440269209197981,445.75,421.5,2026-01-01,Bearish,NO,74.48,75.97,1922.0,1867.0,926.0,901.0,2227.0,2029.0,350.0,290.0
2020-01-10,soybeans,Neutral/No Change,0.0,0.0013386880856760374,933.75,935.0,2020-01-01,Neutral,N/A,79.59,80.32,1556.0,1655.0,965.0,974.0,1892.0,1910.0,475.0,475.0
2020-02-11,soybeans,Expected Reaction,-50.0,0.0005654509471303364,884.25,884.75,2020-02-01,Bullish,NO,82.12,79.59,1516.0,1556.0,940.0,965.0,1892.0,1892.0,425.0,475.0
2020-03-10,soybeans,Neutral/No Change,0.0,0.011001737116386797,863.5,873.0,2020-03-01,Neutral,N/A,83.4,82.12,888.0,1516.0,940.0,940.0,1892.0,1892.0,425.0,425.0
2020-04-09,soybeans,Bearish News Failure,55.0,0.010532475131655939,854.5,863.5,2020-04-01,Bearish,YES,91.26,83.4,1434.0,888.0,970.0,940.0,2092.0,1892.0,480.0,425.0
2020-05-12,soybeans,Neutral/No Change,,-0.0035200938691698444,852.25,849.25,2020-05-01,Neutral,N/A,99.43,,1468.0,1273.0,,,,,,
2020-06-11,soybeans,Expected Reaction,-10.0,0.0005777007510109763,865.5,866.0,2020-06-01,Bullish,NO,104.67,99.43,1468.0,1468.0,925.0,909.0,3323.0,3318.0,395.0,405.0
2020-07-10,soybeans,Expected Reaction,30.0,-0.0075146117450598385,898.25,891.5,2020-07-01,Bearish,NO,102.77,104.67,1656.0,1468.0,942.0,925.0,2648.0,3323.0,425.0,395.0
2020-08-12,soybeans,Bearish News Failure,185.0,0.014236902050113895,878.0,890.5,2020-08-01,Bearish,YES,104.91,102.77,1788.0,1656.0,925.0,942.0,2756.0,2648.0,610.0,425.0
2020-09-11,soybeans,Expected Reaction,-150.0,0.02081218274111675,985.0,1005.5,2020-09-01,Bullish,NO,103.84,104.91,1659.0,1788.0,925.0,925.0,2503.0,2756.0,460.0,610.0
2020-10-09,soybeans,Expected Reaction,-170.0,0.014761904761904763,1050.0,1065.5,2020-10-01,Bullish,NO,101.13,103.84,1749.0,1659.0,883.0,925.0,2167.0,2503.0,290.0,460.0
2020-11-10,soybeans,Expected Reaction,-100.0,0.030090497737556562,1105.0,1138.25,2020-11-01,Bullish,NO,101.44,101.13,1309.0,1749.0,877.0,883.0,1702.0,2167.0,190.0,290.0
2020-12-10,soybeans,Bullish News Failure,-15.0,-0.004963314630988347,1158.5,1152.75,2020-12-01,Bullish,YES,97.52,101.44,1666.0,1309.0,862.0,877.0,1702.0,1702.0,175.0,190.0
2021-01-12,soybeans,Expected Reaction,-35.0,0.034558021098581304,1374.5,1422.0,2021-01-01,Bullish,NO,96.32,97.52,1777.0,1666.0,836.0,862.0,1552.0,1702.0,140.0,175.0
2021-02-09,soybeans,Expected Reaction,-20.0,0.01008827238335435,1387.75,1401.75,2021-02-01,Bullish,NO,95.74,96.32,1993.0,1777.0,836.0,836.0,1502.0,1552.0,120.0,140.0
2021-03-09,soybeans,Neutral/No Change,0.0,0.002434359241870979,1437.75,1441.25,2021-03-01,Neutral,N/A,94.59,95.74,1848.0,1993.0,836.0,836.0,1502.0,1502.0,120.0,120.0
2021-04-09,soybeans,Neutral/No Change,0.0,-0.00865571453806748,1415.25,1403.0,2021-04-01,Neutral,N/A,93.46,94.59,1848.0,1848.0,852.0,836.0,1352.0,1502.0,120.0,120.0
2021-05-12,soybeans,Neutral/No Change,,0.014045801526717557,1637.5,1660.5,2021-05-01,Neutral,N/A,90.99,,1502.0,1805.0,,,,,,
2021-06-10,soybeans,Expected Reaction,15.0,-0.01184,1562.5,1544.0,2021-06-01,Bearish,NO,89.3,90.99,1452.0,1502.0,770.0,774.0,1357.0,1507.0,155.0,140.0
2021-07-12,soybeans,Neutral/No Change,0.0,0.0202991452991453,1404.0,1432.5,2021-07-01,Neutral,N/A,87.74,89.3,1656.0,1452.0,665.0,770.0,1432.0,1357.0,155.0,155.0
2021-08-12,soybeans,Neutral/No Change,0.0,-0.002845962290999644,1405.5,1401.5,2021-08-01,Neutral,N/A,87.23,87.74,1672.0,1656.0,627.0,665.0,1242.0,1432.0,155.0,155.0
2021-09-10,soybeans,Bearish News Failure,30.0,0.01310824230387289,1258.75,1275.25,2021-09-01,Bearish,YES,86.68,87.23,1666.0,1672.0,615.0,627.0,1408.0,1242.0,185.0,155.0
2021-10-12,soybeans,Expected Reaction,135.0,-0.024424994911459393,1228.25,1198.25,2021-10-01,Bearish,NO,87.13,86.68,1627.0,1666.0,580.0,615.0,1500.0,1408.0,320.0,185.0
2021-11-09,soybeans,Bearish News Failure,20.0,0.01825127334465195,1178.0,1199.5,2021-11-01,Bearish,YES,86.93,87.13,1765.0,1627.0,583.0,580.0,1493.0,1500.0,340.0,320.0
2021-12-09,soybeans,Neutral/No Change,0.0,0.0027755749405233942,1261.0,1264.5,2021-12-01,Neutral,N/A,85.73,86.93,1678.0,1765.0,598.0,583.0,1493.0,1493.0,340.0,340.0
2022-01-12,soybeans,Bearish News Failure,10.0,0.010532050118031596,1376.75,1391.25,2022-01-01,Bearish,YES,85.01,85.73,1773.0,1678.0,628.0,598.0,1540.0,1493.0,350.0,340.0
2022-02-09,soybeans,Expected Reaction,-25.0,0.016411727214786488,1569.0,1594.75,2022-02-01,Bullish,NO,84.31,85.01,1818.0,1773.0,648.0,628.0,1540.0,1540.0,325.0,350.0
2022-03-09,soybeans,Bullish News Failure,-40.0,-0.010560281607509533,1704.5,1686.5,2022-03-01,Bullish,YES,82.57,84.31,1692.0,1818.0,653.0,648.0,1440.0,1540.0,285.0,325.0
2022-04-08,soybeans,Expected Reaction,-25.0,0.02643573381950775,1645.5,1689.0,2022-04-01,Bullish,NO,83.38,82.57,1567.0,1692.0,678.0,653.0,1440.0,1440.0,260.0,285.0
2022-05-12,soybeans,Neutral/No Change,,0.006059687926071807,1650.25,1660.25,2022-05-01,Neutral,N/A,82.82,,1266.0,1813.0,,,,,,
2022-06-10,soybeans,Bullish News Failure,-30.0,-0.013284341435839458,1769.0,1745.5,2022-06-01,Bullish,YES,82.77,82.82,963.0,1266.0,627.0,619.0,1400.0,1360.0,280.0,310.0
2022-07-12,soybeans,Bullish News Failure,-50.0,-0.029402803168799514,1641.0,1592.75,2022-07-01,Bullish,YES,84.26,82.77,1564.0,963.0,639.0,627.0,1470.0,1400.0,230.0,280.0
2022-08-12,soybeans,Expected Reaction,15.0,-0.023544896168470313,1709.5,1669.25,2022-08-01,Bearish,NO,82.77,84.26,1814.0,1564.0,610.0,639.0,1388.0,1470.0,245.0,230.0
2022-09-12,soybeans,Expected Reaction,-45.0,0.0406244754070841,1489.25,1549.75,2022-09-01,Bullish,NO,84.75,82.77,1710.0,1814.0,610.0,610.0,1219.0,1388.0,200.0,245.0
2022-10-12,soybeans,Neutral/No Change,0.0,0.014350590372388738,1376.25,1396.0,2022-10-01,Neutral,N/A,87.87,84.75,1872.0,1710.0,576.0,610.0,1172.0,1219.0,200.0,200.0
2022-11-09,soybeans,Bearish News Failure,20.0,0.010907202216066482,1444.0,1459.75,2022-11-01,Bearish,YES,87.27,87.87,1701.0,1872.0,571.0,576.0,1182.0,1172.0,220.0,200.0
2022-12-09,soybeans,Neutral/No Change,0.0,-0.001682085786375105,1486.25,1483.75,2022-12-01,Neutral,N/A,89.56,87.27,1707.0,1701.0,571.0,571.0,1257.0,1182.0,220.0,220.0
2023-01-12,soybeans,Expected Reaction,-10.0,0.00957095709570957,1515.0,1529.5,2023-01-01,Bullish,NO,89.93,89.56,1885.0,1707.0,567.0,571.0,1242.0,1257.0,210.0,220.0
2023-02-08,soybeans,Bearish News Failure,15.0,0.0029698069625474343,1515.25,1519.75,2023-02-01,Bearish,YES,89.08,89.93,1874.0,1885.0,568.0,567.0,1267.0,1242.0,225.0,210.0
2023-03-08,soybeans,Expected Reaction,-15.0,0.000983445336830028,1525.25,1526.75,2023-03-01,Bullish,NO,91.15,89.08,1720.0,1874.0,568.0,568.0,1342.0,1267.0,210.0,225.0
2023-04-11,soybeans,Neutral/No Change,0.0,0.006723819129265423,1487.25,1497.25,2023-04-01,Neutral,N/A,92.01,91.15,1897.0,1720.0,598.0,568.0,1342.0,1342.0,210.0,210.0
2023-05-12,soybeans,Neutral/No Change,,-0.005716265373289451,1443.25,1435.0,2023-05-01,Neutral,N/A,92.28,,1444.0,1734.0,,,,,,
2023-06-09,soybeans,Bearish News Failure,15.0,0.017054832202457362,1363.25,1386.5,2023-06-01,Bearish,YES,92.79,92.28,1353.0,1444.0,562.0,556.0,2257.0,2222.0,350.0,335.0
2023-07-12,soybeans,Bullish News Failure,-50.0,-0.0210457086484709,1520.5,1488.5,2023-07-01,Bullish,YES,94.52,92.79,1719.0,1353.0,592.0,562.0,2262.0,2257.0,300.0,350.0
2023-08-11,soybeans,Bullish News Failure,-55.0,-0.007613314447592068,1412.0,1401.25,2023-08-01,Bullish,YES,91.6,94.52,1942.0,1719.0,615.0,592.0,2202.0,2262.0,245.0,300.0
2023-09-12,soybeans,Bullish News Failure,-25.0,-0.015341959334565619,1352.5,1331.75,2023-09-01,Bullish,YES,89.96,91.6,1714.0,1942.0,615.0,615.0,2221.0,2202.0,220.0,245.0
2023-10-12,soybeans,Neutral/No Change,0.0,0.029940119760479042,1252.5,1290.0,2023-10-01,Neutral,N/A,79.92,89.96,1557.0,1714.0,670.0,615.0,2111.0,2221.0,220.0,220.0
2023-11-09,soybeans,Expected Reaction,25.0,-0.01575240919199407,1349.0,1327.75,2023-11-01,Bearish,NO,81.5,79.92,1569.0,1557.0,684.0,670.0,2156.0,2111.0,245.0,220.0
2023-12-08,soybeans,Neutral/No Change,0.0,-0.0059081379836096815,1311.75,1304.0,2023-12-01,Neutral,N/A,82.4,81.5,1624.0,1569.0,659.0,684.0,2131.0,2156.0,245.0,245.0
2024-01-12,soybeans,Expected Reaction,35.0,-0.020710659898477157,1231.25,1205.75,2024-01-01,Bearish,NO,84.38,82.4,1754.0,1624.0,648.0,659.0,2162.0,2131.0,280.0,245.0
2024-02-08,soybeans,Bearish News Failure,35.0,0.0037846930193439865,1189.0,1193.5,2024-02-01,Bearish,YES,83.7,84.38,1805.0,1754.0,658.0,648.0,2172.0,2162.0,315.0,280.0
2024-03-08,soybeans,Neutral/No Change,0.0,0.011668107173725151,1157.0,1170.5,2024-03-01,Neutral,N/A,83.34,83.7,1701.0,1805.0,673.0,658.0,2172.0,2172.0,315.0,315.0
2024-04-11,soybeans,Expected Reaction,25.0,-0.00472204335694355,1164.75,1159.25,2024-04-01,Bearish,NO,83.08,83.34,1722.0,1701.0,698.0,673.0,2122.0,2172.0,340.0,315.0
2024-05-10,soybeans,Neutral/No Change,,0.010270383567386292,1192.75,1205.0,2024-05-01,Neutral,N/A,83.01,,1464.0,1758.0,,,,,,
2024-06-12,soybeans,Expected Reaction,10.0,-0.0006366723259762309,1178.0,1177.25,2024-06-01,Bearish,NO,83.49,83.01,1445.0,1464.0,758.0,766.0,2102.0,2102.0,455.0,445.0
2024-07-12,soybeans,Bullish News Failure,-20.0,-0.007219426821264493,1142.75,1134.5,2024-07-01,Bullish,YES,82.63,83.49,1695.0,1445.0,856.0,758.0,2097.0,2102.0,435.0,455.0
2024-08-12,soybeans,Expected Reaction,125.0,-0.01556420233463035,1028.0,1012.0,2024-08-01,Bearish,NO,77.61,82.63,1985.0,1695.0,828.0,856.0,2073.0,2097.0,560.0,435.0
2024-09-12,soybeans,Expected Reaction,-10.0,0.011992855320234754,979.75,991.5,2024-09-01,Bullish,NO,76.49,77.61,1777.0,1985.0,828.0,828.0,2057.0,2073.0,550.0,560.0
2024-10-11,soybeans,Neutral/No Change,0.0,-0.009115545700911555,1014.75,1005.5,2024-10-01,Neutral,N/A,76.33,76.49,1788.0,1777.0,812.0,828.0,1999.0,2057.0,550.0,550.0
2024-11-08,soybeans,Expected Reaction,-80.0,0.0012309207287050715,1015.5,1016.75,2024-11-01,Bullish,NO,75.75,76.33,1464.0,1788.0,815.0,812.0,1938.0,1999.0,470.0,550.0
2024-12-10,soybeans,Neutral/No Change,0.0,0.004797979797979798,990.0,994.75,2024-12-01,Neutral,N/A,76.02,75.75,1696.0,1464.0,795.0,815.0,1738.0,1938.0,470.0,470.0
2025-01-10,soybeans,Expected Reaction,-90.0,0.02141597379692618,992.25,1013.5,2025-01-01,Bullish,NO,77.91,76.02,1939.0,1696.0,798.0,795.0,1540.0,1738.0,380.0,470.0
2025-02-11,soybeans,Neutral/No Change,0.0,-0.005717008099094807,1049.5,1043.5,2025-02-01,Neutral,N/A,78.41,77.91,1913.0,1939.0,794.0,798.0,1540.0,1540.0,380.0,380.0
2025-03-11,soybeans,Neutral/No Change,0.0,-0.002000500125031258,999.75,997.75,2025-03-01,Neutral,N/A,78.33,78.41,1872.0,1913.0,819.0,794.0,1540.0,1540.0,380.0,380.0
2025-04-10,soybeans,Expected Reaction,-5.0,0.01604542088373241,1012.75,1029.0,2025-04-01,Bullish,NO,78.86,78.33,2016.0,1872.0,846.0,819.0,1465.0,1540.0,375.0,380.0
2025-05-12,soybeans,Neutral/No Change,,0.0210727969348659,1044.0,1066.0,2025-05-01,Neutral,N/A,78.38,,1436.0,2032.0,,,,,,
2025-06-12,soybeans,Neutral/No Change,0.0,-0.007853403141361256,1050.5,1042.25,2025-06-01,Neutral,N/A,76.8,78.38,1443.0,1436.0,898.0,923.0,1750.0,1800.0,295.0,295.0
2025-07-11,soybeans,Expected Reaction,15.0,-0.008395061728395062,1012.5,1004.0,2025-07-01,Bearish,NO,77.32,76.8,1643.0,1443.0,890.0,898.0,1660.0,1750.0,310.0,295.0
2025-08-12,soybeans,Expected Reaction,-20.0,0.02248610409297625,989.5,1011.75,2025-08-01,Bullish,NO,73.91,77.32,2160.0,1643.0,869.0,890.0,2117.0,1660.0,290.0,310.0
2025-09-12,soybeans,Bearish News Failure,10.0,0.010342280226545186,1015.25,1025.75,2025-09-01,Bearish,YES,73.14,73.91,1976.0,2160.0,844.0,869.0,2110.0,2117.0,300.0,290.0
2025-11-14,soybeans,Bullish News Failure,-10.0,-0.01700530035335689,1132.0,1112.75,2025-11-01,Bullish,YES,75.93,73.14,1845.0,1976.0,901.0,844.0,2154.0,2110.0,290.0,300.0
2025-12-09,soybeans,Neutral/No Change,0.0,-0.005942857142857143,1093.75,1087.25,2025-12-01,Neutral,N/A,75.97,75.93,1867.0,1845.0,901.0,901.0,2029.0,2154.0,290.0,290.0
2026-01-12,soybeans,Expected Reaction,60.0,-0.014783023366714354,1048.5,1033.0,2026-01-01,Bearish,NO,74.48,75.97,1922.0,1867.0,926.0,901.0,2227.0,2029.0,350.0,290.0
2020-01-10,oil,Neutral/No Change,,-0.008730699223873086,59.560001373291016,59.040000915527344,2020-01-01,Neutral,N/A,79.59,80.32,1556.0,1655.0,965.0,974.0,1892.0,1910.0,475.0,475.0
2020-02-11,oil,Neutral/No Change,,0.007464170549982847,49.56999969482422,49.939998626708984,2020-02-01,Neutral,N/A,82.12,79.59,1516.0,1556.0,940.0,965.0,1892.0,1892.0,425.0,475.0
2020-03-10,oil,Neutral/No Change,,0.1037584817430949,31.1299991607666,34.36000061035156,2020-03-01,Neutral,N/A,83.4,82.12,888.0,1516.0,940.0,940.0,1892.0,1892.0,425.0,425.0
2020-04-09,oil,Neutral/No Change,,-0.09286567993367384,25.09000015258789,22.760000228881836,2020-04-01,Neutral,N/A,91.26,83.4,1434.0,888.0,970.0,940.0,2092.0,1892.0,480.0,425.0
2020-05-12,oil,Neutral/No Change,,0.06793708941435689,24.13999938964844,25.780000686645508,2020-05-01,Neutral,N/A,99.43,,1468.0,1273.0,,,,,,
2020-06-11,oil,Neutral/No Change,,-0.08232319310980876,39.599998474121094,36.34000015258789,2020-06-01,Neutral,N/A,104.67,99.43,1468.0,1468.0,925.0,909.0,3323.0,3318.0,395.0,405.0
2020-07-10,oil,Neutral/No Change,,0.023473001773035136,39.619998931884766,40.54999923706055,2020-07-01,Neutral,N/A,102.77,104.67,1656.0,1468.0,942.0,925.0,2648.0,3323.0,425.0,395.0
2020-08-12,oil,Neutral/No Change,,0.025474586470687247,41.61000061035156,42.66999816894531,2020-08-01,Neutral,N/A,104.91,102.77,1788.0,1656.0,925.0,942.0,2756.0,2648.0,610.0,425.0
2020-09-11,oil,Neutral/No Change,,0.0008043591047672365,37.29999923706055,37.33000183105469,2020-09-01,Neutral,N/A,103.84,104.91,1659.0,1788.0,925.0,925.0,2503.0,2756.0,460.0,610.0
2020-10-09,oil,Neutral/No Change,,-0.014323869197832764,41.189998626708984,40.599998474121094,2020-10-01,Neutral,N/A,101.13,103.84,1749.0,1659.0,883.0,925.0,2167.0,2503.0,290.0,460.0
2020-11-10,oil,Neutral/No Change,,0.02655745024845239,40.290000915527344,41.36000061035156,2020-11-01,Neutral,N/A,101.44,101.13,1309.0,1749.0,877.0,883.0,1702.0,2167.0,190.0,290.0
2020-12-10,oil,Neutral/No Change,,0.02768010344600741,45.52000045776367,46.779998779296875,2020-12-01,Neutral,N/A,97.52,101.44,1666.0,1309.0,862.0,877.0,1702.0,1702.0,175.0,190.0
2021-01-12,oil,Neutral/No Change,,0.01837318821957237,52.25,53.209999084472656,2021-01-01,Neutral,N/A,96.32,97.52,1777.0,1666.0,836.0,862.0,1552.0,1702.0,140.0,175.0
2021-02-09,oil,Neutral/No Change,,0.006727607062895058,57.970001220703125,58.36000061035156,2021-02-01,Neutral,N/A,95.74,96.32,1993.0,1777.0,836.0,836.0,1502.0,1552.0,120.0,140.0
2021-03-09,oil,Neutral/No Change,,-0.015987715092032426,65.05000305175781,64.01000213623047,2021-03-01,Neutral,N/A,94.59,95.74,1848.0,1993.0,836.0,836.0,1502.0,1502.0,120.0,120.0
2021-04-09,oil,Neutral/No Change,,-0.004697966215862459,59.599998474121094,59.31999969482422,2021-04-01,Neutral,N/A,93.46,94.59,1848.0,1848.0,852.0,836.0,1352.0,1502.0,120.0,120.0
2021-05-12,oil,Neutral/No Change,,0.012254948938686687,65.27999877929688,66.08000183105469,2021-05-01,Neutral,N/A,90.99,,1502.0,1805.0,,,,,,
2021-06-10,oil,Neutral/No Change,,0.004717007366684344,69.95999908447266,70.29000091552734,2021-06-01,Neutral,N/A,89.3,90.99,1452.0,1502.0,770.0,774.0,1357.0,1507.0,155.0,140.0
2021-07-12,oil,Neutral/No Change,,-0.006169515819943009,74.55999755859375,74.0999984741211,2021-07-01,Neutral,N/A,87.74,89.3,1656.0,1452.0,665.0,770.0,1432.0,1357.0,155.0,155.0
2021-08-12,oil,Neutral/No Change,,-0.0023105221965252706,69.25,69.08999633789062,2021-08-01,Neutral,N/A,87.23,87.74,1672.0,1656.0,627.0,665.0,1242.0,1432.0,155.0,155.0
2021-09-10,oil,Neutral/No Change,,0.023187582113402765,68.13999938964844,69.72000122070312,2021-09-01,Neutral,N/A,86.68,87.23,1666.0,1672.0,615.0,627.0,1408.0,1242.0,185.0,155.0
2021-10-12,oil,Neutral/No Change,,0.0014903471384131598,80.5199966430664,80.63999938964844,2021-10-01,Neutral,N/A,87.13,86.68,1627.0,1666.0,580.0,615.0,1500.0,1408.0,320.0,185.0
2021-11-09,oil,Neutral/No Change,,0.02709631651939443,81.93000030517578,84.1500015258789,2021-11-01,Neutral,N/A,86.93,87.13,1765.0,1627.0,583.0,580.0,1493.0,1500.0,340.0,320.0
2021-12-09,oil,Neutral/No Change,,-0.019624076243335085,72.36000061035156,70.94000244140625,2021-12-01,Neutral,N/A,85.73,86.93,1678.0,1765.0,598.0,583.0,1493.0,1493.0,340.0,340.0
2022-01-12,oil,Neutral/No Change,,0.017483355671057937,81.22000122070312,82.63999938964844,2022-01-01,Neutral,N/A,85.01,85.73,1773.0,1678.0,628.0,598.0,1540.0,1493.0,350.0,340.0
2022-02-09,oil,Neutral/No Change,,0.003357240932281952,89.36000061035156,89.66000366210938,2022-02-01,Neutral,N/A,84.31,85.01,1818.0,1773.0,648.0,628.0,1540.0,1540.0,325.0,350.0
2022-03-09,oil,Neutral/No Change,,-0.12126111859385258,123.6999969482422,108.6999969482422,2022-03-01,Neutral,N/A,82.57,84.31,1692.0,1818.0,653.0,648.0,1440.0,1540.0,285.0,325.0
2022-04-08,oil,Neutral/No Change,,0.02322194507217233,96.02999877929688,98.26000213623048,2022-04-01,Neutral,N/A,83.38,82.57,1567.0,1692.0,678.0,653.0,1440.0,1440.0,260.0,285.0
2022-05-12,oil,Neutral/No Change,,0.003973116758895046,105.70999908447266,106.12999725341795,2022-05-01,Neutral,N/A,82.82,,1266.0,1813.0,,,,,,
2022-06-10,oil,Neutral/No Change,,-0.006913043803121565,121.51000213623048,120.66999816894533,2022-06-01,Neutral,N/A,82.77,82.82,963.0,1266.0,627.0,619.0,1400.0,1360.0,280.0,310.0
2022-07-12,oil,Neutral/No Change,,-0.0792583369224008,104.08999633789062,95.83999633789062,2022-07-01,Neutral,N/A,84.26,82.77,1564.0,963.0,639.0,627.0,1470.0,1400.0,230.0,280.0
2022-08-12,oil,Neutral/No Change,,-0.023849905526192098,94.33999633789062,92.08999633789062,2022-08-01,Neutral,N/A,82.77,84.26,1814.0,1564.0,610.0,639.0,1388.0,1470.0,245.0,230.0
2022-09-12,oil,Neutral/No Change,,0.011406819372350227,86.79000091552734,87.77999877929688,2022-09-01,Neutral,N/A,84.75,82.77,1710.0,1814.0,610.0,610.0,1219.0,1388.0,200.0,245.0
2022-10-12,oil,Neutral/No Change,,-0.023279259838567646,89.3499984741211,87.2699966430664,2022-10-01,Neutral,N/A,87.87,84.75,1872.0,1710.0,576.0,610.0,1172.0,1219.0,200.0,200.0
2022-11-09,oil,Neutral/No Change,,-0.03464179174662757,88.91000366210938,85.83000183105469,2022-11-01,Neutral,N/A,87.27,87.87,1701.0,1872.0,571.0,576.0,1182.0,1172.0,220.0,200.0
2022-12-09,oil,Neutral/No Change,,-0.006157325035592631,71.45999908447266,71.0199966430664,2022-12-01,Neutral,N/A,89.56,87.27,1707.0,1701.0,571.0,571.0,1257.0,1182.0,220.0,220.0
2023-01-12,oil,Neutral/No Change,,0.012659807275254665,77.41000366210938,78.38999938964844,2023-01-01,Neutral,N/A,89.93,89.56,1885.0,1707.0,567.0,571.0,1242.0,1257.0,210.0,220.0
2023-02-08,oil,Neutral/No Change,,0.01724140318353649,77.13999938964844,78.47000122070312,2023-02-01,Neutral,N/A,89.08,89.93,1874.0,1885.0,568.0,567.0,1267.0,1242.0,225.0,210.0
2023-03-08,oil,Neutral/No Change,,-0.0118587025938564,77.58000183105469,76.66000366210938,2023-03-01,Neutral,N/A,91.15,89.08,1720.0,1874.0,568.0,568.0,1342.0,1267.0,210.0,225.0
2023-04-11,oil,Neutral/No Change,,0.02244796793932,79.73999786376953,81.52999877929688,2023-04-01,Neutral,N/A,92.01,91.15,1897.0,1720.0,598.0,568.0,1342.0,1342.0,210.0,210.0
2023-05-12,oil,Neutral/No Change,,-0.011711609974429096,70.87000274658203,70.04000091552734,2023-05-01,Neutral,N/A,92.28,,1444.0,1734.0,,,,,,
2023-06-09,oil,Neutral/No Change,,-0.01571051665308772,71.29000091552734,70.16999816894531,2023-06-01,Neutral,N/A,92.79,92.28,1353.0,1444.0,562.0,556.0,2257.0,2222.0,350.0,335.0
2023-07-12,oil,Neutral/No Change,,0.012294509507328522,74.83000183105469,75.75,2023-07-01,Neutral,N/A,94.52,92.79,1719.0,1353.0,592.0,562.0,2262.0,2257.0,300.0,350.0
2023-08-11,oil,Neutral/No Change,,0.004467553102456173,82.81999969482422,83.19000244140625,2023-08-01,Neutral,N/A,91.6,94.52,1942.0,1719.0,615.0,592.0,2202.0,2262.0,245.0,300.0
2023-09-12,oil,Neutral/No Change,,0.01775684965180891,87.29000091552734,88.83999633789062,2023-09-01,Neutral,N/A,89.96,91.6,1714.0,1942.0,615.0,615.0,2221.0,2202.0,220.0,245.0
2023-10-12,oil,Neutral/No Change,,-0.006946870481498055,83.48999786376953,82.91000366210938,2023-10-01,Neutral,N/A,79.92,89.96,1557.0,1714.0,670.0,615.0,2111.0,2221.0,220.0,220.0
2023-11-09,oil,Neutral/No Change,,0.005442665906664341,75.33000183105469,75.73999786376953,2023-11-01,Neutral,N/A,81.5,79.92,1569.0,1557.0,684.0,670.0,2156.0,2111.0,245.0,220.0
2023-12-08,oil,Neutral/No Change,,0.027257097185772135,69.33999633789062,71.2300033569336,2023-12-01,Neutral,N/A,82.4,81.5,1624.0,1569.0,659.0,684.0,2131.0,2156.0,245.0,245.0
2024-01-12,oil,Neutral/No Change,,0.009164172353136532,72.0199966430664,72.68000030517578,2024-01-01,Neutral,N/A,84.38,82.4,1754.0,1624.0,648.0,659.0,2162.0,2131.0,280.0,245.0
2024-02-08,oil,Neutral/No Change,,0.03195235026874351,73.86000061035156,76.22000122070312,2024-02-01,Neutral,N/A,83.7,84.38,1805.0,1754.0,658.0,648.0,2172.0,2162.0,315.0,280.0
2024-03-08,oil,Neutral/No Change,,-0.01165587438728268,78.93000030517578,78.01000213623047,2024-03-01,Neutral,N/A,83.34,83.7,1701.0,1805.0,673.0,658.0,2172.0,2172.0,315.0,315.0
2024-04-11,oil,Neutral/No Change,,-0.013803531539772191,86.20999908447266,85.0199966430664,2024-04-01,Neutral,N/A,83.08,83.34,1722.0,1701.0,698.0,673.0,2122.0,2172.0,340.0,315.0
2024-05-10,oil,Neutral/No Change,,-0.012616704176732427,79.26000213623047,78.26000213623047,2024-05-01,Neutral,N/A,83.01,,1464.0,1758.0,,,,,,
2024-06-12,oil,Neutral/No Change,,0.007702162546450916,77.9000015258789,78.5,2024-06-01,Neutral,N/A,83.49,83.01,1445.0,1464.0,758.0,766.0,2102.0,2102.0,455.0,445.0
2024-07-12,oil,Neutral/No Change,,-0.0049625229784483,82.62000274658203,82.20999908447266,2024-07-01,Neutral,N/A,82.63,83.49,1695.0,1445.0,856.0,758.0,2097.0,2102.0,435.0,455.0
2024-08-12,oil,Neutral/No Change,,0.041905275561749444,76.83999633789062,80.05999755859375,2024-08-01,Neutral,N/A,77.61,82.63,1985.0,1695.0,828.0,856.0,2073.0,2097.0,560.0,435.0
2024-09-12,oil,Neutral/No Change,,0.024662066889310642,67.30999755859375,68.97000122070312,2024-09-01,Neutral,N/A,76.49,77.61,1777.0,1985.0,828.0,828.0,2057.0,2073.0,550.0,560.0
2024-10-11,oil,Neutral/No Change,,-0.003823347677802364,75.8499984741211,75.55999755859375,2024-10-01,Neutral,N/A,76.33,76.49,1788.0,1777.0,812.0,828.0,1999.0,2057.0,550.0,550.0
2024-11-08,oil,Neutral/No Change,,-0.027363230240912154,72.36000061035156,70.37999725341797,2024-11-01,Neutral,N/A,75.75,76.33,1464.0,1788.0,815.0,812.0,1938.0,1999.0,470.0,550.0
2024-12-10,oil,Neutral/No Change,,0.003217691713777088,68.37000274658203,68.58999633789062,2024-12-01,Neutral,N/A,76.02,75.75,1696.0,1464.0,795.0,815.0,1738.0,1938.0,470.0,470.0
2025-01-10,oil,Neutral/No Change,,0.03584958862988993,73.91999816894531,76.56999969482422,2025-01-01,Neutral,N/A,77.91,76.02,1939.0,1696.0,798.0,795.0,1540.0,1738.0,380.0,470.0
2025-02-11,oil,Neutral/No Change,,0.01382743368666756,72.31999969482422,73.31999969482422,2025-02-01,Neutral,N/A,78.41,77.91,1913.0,1939.0,794.0,798.0,1540.0,1540.0,380.0,380.0
2025-03-11,oil,Neutral/No Change,,0.0033318374189051847,66.02999877929688,66.25,2025-03-01,Neutral,N/A,78.33,78.41,1872.0,1913.0,819.0,794.0,1540.0,1540.0,380.0,380.0
2025-04-10,oil,Neutral/No Change,,-0.036567743946989965,62.349998474121094,60.06999969482422,2025-04-01,Neutral,N/A,78.86,78.33,2016.0,1872.0,846.0,819.0,1465.0,1540.0,375.0,380.0
2025-05-12,oil,Neutral/No Change,,0.01524090950834229,61.02000045776367,61.95000076293945,2025-05-01,Neutral,N/A,78.38,,1436.0,2032.0,,,,,,
2025-06-12,oil,Neutral/No Change,,-0.0016140954935971862,68.1500015258789,68.04000091552734,2025-06-01,Neutral,N/A,76.8,78.38,1443.0,1436.0,898.0,923.0,1750.0,1800.0,295.0,295.0
2025-07-11,oil,Neutral/No Change,,0.028240908247505032,66.56999969482422,68.44999694824219,2025-07-01,Neutral,N/A,77.32,76.8,1643.0,1443.0,890.0,898.0,1660.0,1750.0,310.0,295.0
2025-08-12,oil,Neutral/No Change,,-0.01235148415940377,63.959999084472656,63.16999816894531,2025-08-01,Neutral,N/A,73.91,77.32,2160.0,1643.0,869.0,890.0,2117.0,1660.0,290.0,310.0
2025-09-12,oil,Neutral/No Change,,0.005130666992213602,62.369998931884766,62.689998626708984,2025-09-01,Neutral,N/A,73.14,73.91,1976.0,2160.0,844.0,869.0,2110.0,2117.0,300.0,290.0
2025-11-14,oil,Neutral/No Change,,0.02385417547516836,58.689998626708984,60.09000015258789,2025-11-01,Neutral,N/A,75.93,73.14,1845.0,1976.0,901.0,844.0,2154.0,2110.0,290.0,300.0
2025-12-09,oil,Neutral/No Change,,-0.01069974620731441,58.880001068115234,58.25,2025-12-01,Neutral,N/A,75.97,75.93,1867.0,1845.0,901.0,901.0,2029.0,2154.0,290.0,290.0
2026-01-12,oil,Neutral/No Change,,0.006427623054476936,59.119998931884766,59.5,2026-01-01,Neutral,N/A,74.48,75.97,1922.0,1867.0,926.0,901.0,2227.0,2029.0,350.0,290.0
2020-01-10,coffee,Neutral/No Change,,0.01363441410247612,117.3499984741211,118.9499969482422,2020-01-01,Neutral,N/A,79.59,80.32,1556.0,1655.0,965.0,974.0,1892.0,1910.0,475.0,475.0
2020-02-11,coffee,Neutral/No Change,,0.001993987459192771,100.3000030517578,100.5,2020-02-01,Neutral,N/A,82.12,79.59,1516.0,1556.0,940.0,965.0,1892.0,1892.0,425.0,475.0
2020-03-10,coffee,Neutral/No Change,,0.04864619734019468,108.9499969482422,114.25,2020-03-01,Neutral,N/A,83.4,82.12,888.0,1516.0,940.0,940.0,1892.0,1892.0,425.0,425.0
2020-04-09,coffee,Neutral/No Change,,-0.010016732446311044,119.8000030517578,118.5999984741211,2020-04-01,Neutral,N/A,91.26,83.4,1434.0,888.0,970.0,940.0,2092.0,1892.0,480.0,425.0
2020-05-12,coffee,Neutral/No Change,,-0.030748036419978593,108.9499969482422,105.5999984741211,2020-05-01,Neutral,N/A,99.43,,1468.0,1273.0,,,,,,
2020-06-11,coffee,Neutral/No Change,,-0.007751937984496124,96.75,96.0,2020-06-01,Neutral,N/A,104.67,99.43,1468.0,1468.0,925.0,909.0,3323.0,3318.0,395.0,405.0
2020-07-10,coffee,Neutral/No Change,,-0.015864846169692564,97.6999969482422,96.1500015258789,2020-07-01,Neutral,N/A,102.77,104.67,1656.0,1468.0,942.0,925.0,2648.0,3323.0,425.0,395.0
2020-08-12,coffee,Neutral/No Change,,0.006286525255762738,111.3499984741211,112.0500030517578,2020-08-01,Neutral,N/A,104.91,102.77,1788.0,1656.0,925.0,942.0,2756.0,2648.0,610.0,425.0
2020-09-11,coffee,Neutral/No Change,,0.006415140403891509,132.5,133.35000610351562,2020-09-01,Neutral,N/A,103.84,104.91,1659.0,1788.0,925.0,925.0,2503.0,2756.0,460.0,610.0
2020-10-09,coffee,Neutral/No Change,,0.01179141090029749,110.25,111.5500030517578,2020-10-01,Neutral,N/A,101.13,103.84,1749.0,1659.0,883.0,925.0,2167.0,2503.0,290.0,460.0
2020-11-10,coffee,Neutral/No Change,,0.004211554366523412,106.8499984741211,107.3000030517578,2020-11-01,Neutral,N/A,101.44,101.13,1309.0,1749.0,877.0,883.0,1702.0,2167.0,190.0,290.0
2020-12-10,coffee,Neutral/No Change,,0.031766766557063994,114.9000015258789,118.5500030517578,2020-12-01,Neutral,N/A,97.52,101.44,1666.0,1309.0,862.0,877.0,1702.0,1702.0,175.0,190.0
2021-01-12,coffee,Neutral/No Change,,-0.0004116543731540955,121.4499969482422,121.4000015258789,2021-01-01,Neutral,N/A,96.32,97.52,1777.0,1666.0,836.0,862.0,1552.0,1702.0,140.0,175.0
2021-02-09,coffee,Neutral/No Change,,-0.009266732796283676,124.0999984741211,122.9499969482422,2021-02-01,Neutral,N/A,95.74,96.32,1993.0,1777.0,836.0,836.0,1502.0,1552.0,120.0,140.0
2021-03-09,coffee,Neutral/No Change,,-0.0011624110943513396,129.0500030517578,128.89999389648438,2021-03-01,Neutral,N/A,94.59,95.74,1848.0,1993.0,836.0,836.0,1502.0,1502.0,120.0,120.0
2021-04-09,coffee,Neutral/No Change,,-0.004692987730011926,127.8499984741211,127.25,2021-04-01,Neutral,N/A,93.46,94.59,1848.0,1848.0,852.0,836.0,1352.0,1502.0,120.0,120.0
2021-05-12,coffee,Neutral/No Change,,-0.01453680855449637,147.89999389648438,145.75,2021-05-01,Neutral,N/A,90.99,,1502.0,1805.0,,,,,,
2021-06-10,coffee,Neutral/No Change,,0.009541984918065058,157.1999969482422,158.6999969482422,2021-06-01,Neutral,N/A,89.3,90.99,1452.0,1502.0,770.0,774.0,1357.0,1507.0,155.0,140.0
2021-07-12,coffee,Neutral/No Change,,0.01685395241456465,151.3000030517578,153.85000610351562,2021-07-01,Neutral,N/A,87.74,89.3,1656.0,1452.0,665.0,770.0,1432.0,1357.0,155.0,155.0
2021-08-12,coffee,Neutral/No Change,,0.014685868145807945,183.8500061035156,186.5500030517578,2021-08-01,Neutral,N/A,87.23,87.74,1672.0,1656.0,627.0,665.0,1242.0,1432.0,155.0,155.0
2021-09-10,coffee,Neutral/No Change,,0.003243276235219441,185.0,185.6000061035156,2021-09-01,Neutral,N/A,86.68,87.23,1666.0,1672.0,615.0,627.0,1408.0,1242.0,185.0,155.0
2021-10-12,coffee,Neutral/No Change,,0.04357402152501544,204.25,213.1499938964844,2021-10-01,Neutral,N/A,87.13,86.68,1627.0,1666.0,580.0,615.0,1500.0,1408.0,320.0,185.0
2021-11-09,coffee,Neutral/No Change,,0.031304784327920054,199.6499938964844,205.8999938964844,2021-11-01,Neutral,N/A,86.93,87.13,1765.0,1627.0,583.0,580.0,1493.0,1500.0,340.0,320.0
2021-12-09,coffee,Neutral/No Change,,-0.017977503152132392,244.75,240.3500061035156,2021-12-01,Neutral,N/A,85.73,86.93,1678.0,1765.0,598.0,583.0,1493.0,1493.0,340.0,340.0
2022-01-12,coffee,Neutral/No Change,,0.01603038600648356,237.0500030517578,240.8500061035156,2022-01-01,Neutral,N/A,85.01,85.73,1773.0,1678.0,628.0,598.0,1540.0,1493.0,350.0,340.0
2022-02-09,coffee,Neutral/No Change,,0.037758623299873915,248.9499969482422,258.3500061035156,2022-02-01,Neutral,N/A,84.31,85.01,1818.0,1773.0,648.0,628.0,1540.0,1540.0,325.0,350.0
2022-03-09,coffee,Neutral/No Change,,-0.015381354653174346,234.0500030517578,230.4499969482422,2022-03-01,Neutral,N/A,82.57,84.31,1692.0,1818.0,653.0,648.0,1440.0,1540.0,285.0,325.0
2022-04-08,coffee,Neutral/No Change,,0.024320142155376374,226.1499938964844,231.6499938964844,2022-04-01,Neutral,N/A,83.38,82.57,1567.0,1692.0,678.0,653.0,1440.0,1440.0,260.0,285.0
2022-05-12,coffee,Neutral/No Change,,-0.02317131286728363,220.1000061035156,215.0,2022-05-01,Neutral,N/A,82.82,,1266.0,1813.0,,,,,,
2022-06-10,coffee,Neutral/No Change,,-0.02450458192867717,234.6499938964844,228.8999938964844,2022-06-01,Neutral,N/A,82.77,82.82,963.0,1266.0,627.0,619.0,1400.0,1360.0,280.0,310.0
2022-07-12,coffee,Neutral/No Change,,-0.03526968239628151,216.8999938964844,209.25,2022-07-01,Neutral,N/A,84.26,82.77,1564.0,963.0,639.0,627.0,1470.0,1400.0,230.0,280.0
2022-08-12,coffee,Neutral/No Change,,0.011833039479280999,223.9499969482422,226.6000061035156,2022-08-01,Neutral,N/A,82.77,84.26,1814.0,1564.0,610.0,639.0,1388.0,1470.0,245.0,230.0
2022-09-12,coffee,Neutral/No Change,,-0.016198704103671708,231.5,227.75,2022-09-01,Neutral,N/A,84.75,82.77,1710.0,1814.0,610.0,610.0,1219.0,1388.0,200.0,245.0
2022-10-12,coffee,Neutral/No Change,,-0.03718157391130264,217.8500061035156,209.75,2022-10-01,Neutral,N/A,87.87,84.75,1872.0,1710.0,576.0,610.0,1172.0,1219.0,200.0,200.0
2022-11-09,coffee,Neutral/No Change,,-0.007810171676735146,166.4499969482422,165.14999389648438,2022-11-01,Neutral,N/A,87.27,87.87,1701.0,1872.0,571.0,576.0,1182.0,1172.0,220.0,200.0
2022-12-09,coffee,Neutral/No Change,,0.005417502463871485,156.89999389648438,157.75,2022-12-01,Neutral,N/A,89.56,87.27,1707.0,1701.0,571.0,571.0,1257.0,1182.0,220.0,220.0
2023-01-12,coffee,Neutral/No Change,,0.03822098841752884,143.89999389648438,149.39999389648438,2023-01-01,Neutral,N/A,89.93,89.56,1885.0,1707.0,567.0,571.0,1242.0,1257.0,210.0,220.0
2023-02-08,coffee,Neutral/No Change,,-0.008189759521316153,177.0500030517578,175.60000610351562,2023-02-01,Neutral,N/A,89.08,89.93,1874.0,1885.0,568.0,567.0,1267.0,1242.0,225.0,210.0
2023-03-08,coffee,Neutral/No Change,,-0.02709292829758301,184.5500030517578,179.5500030517578,2023-03-01,Neutral,N/A,91.15,89.08,1720.0,1874.0,568.0,568.0,1342.0,1267.0,210.0,225.0
2023-04-11,coffee,Neutral/No Change,,0.043263930078983194,182.6000061035156,190.5,2023-04-01,Neutral,N/A,92.01,91.15,1897.0,1720.0,598.0,568.0,1342.0,1342.0,210.0,210.0
2023-05-12,coffee,Neutral/No Change,,0.0010764098221595555,185.8000030517578,186.0,2023-05-01,Neutral,N/A,92.28,,1444.0,1734.0,,,,,,
2023-06-09,coffee,Neutral/No Change,,-0.021555104313416874,194.8500061035156,190.6499938964844,2023-06-01,Neutral,N/A,92.79,92.28,1353.0,1444.0,562.0,556.0,2257.0,2222.0,350.0,335.0
2023-07-12,coffee,Neutral/No Change,,-0.0034526242386769585,159.3000030517578,158.75,2023-07-01,Neutral,N/A,94.52,92.79,1719.0,1353.0,592.0,562.0,2262.0,2257.0,300.0,350.0
2023-08-11,coffee,Neutral/No Change,,-0.013133151500218623,159.89999389648438,157.8000030517578,2023-08-01,Neutral,N/A,91.6,94.52,1942.0,1719.0,615.0,592.0,2202.0,2262.0,245.0,300.0
2023-09-12,coffee,Neutral/No Change,,-0.005608750157697644,151.5500030517578,150.6999969482422,2023-09-01,Neutral,N/A,89.96,91.6,1714.0,1942.0,615.0,615.0,2221.0,2202.0,220.0,245.0
2023-10-12,coffee,Neutral/No Change,,0.010832810674168853,147.6999969482422,149.3000030517578,2023-10-01,Neutral,N/A,79.92,89.96,1557.0,1714.0,670.0,615.0,2111.0,2221.0,220.0,220.0
2023-11-09,coffee,Neutral/No Change,,0.02552335412939488,174.35000610351562,178.8000030517578,2023-11-01,Neutral,N/A,81.5,79.92,1569.0,1557.0,684.0,670.0,2156.0,2111.0,245.0,220.0
2023-12-08,coffee,Neutral/No Change,,-0.0018868253558792269,185.5,185.1499938964844,2023-12-01,Neutral,N/A,82.4,81.5,1624.0,1569.0,659.0,684.0,2131.0,2156.0,245.0,245.0
2024-01-12,coffee,Neutral/No Change,,-0.022004906191818354,184.0500030517578,180.0,2024-01-01,Neutral,N/A,84.38,82.4,1754.0,1624.0,648.0,659.0,2162.0,2131.0,280.0,245.0
2024-02-08,coffee,Neutral/No Change,,-0.009963261284162745,190.6999969482422,188.8000030517578,2024-02-01,Neutral,N/A,83.7,84.38,1805.0,1754.0,658.0,648.0,2172.0,2162.0,315.0,280.0
2024-03-08,coffee,Neutral/No Change,,-0.035039132811541716,198.3500061035156,191.3999938964844,2024-03-01,Neutral,N/A,83.34,83.7,1701.0,1805.0,673.0,658.0,2172.0,2172.0,315.0,315.0
2024-04-11,coffee,Neutral/No Change,,0.02655491436808538,214.6499938964844,220.3500061035156,2024-04-01,Neutral,N/A,83.08,83.34,1722.0,1701.0,698.0,673.0,2122.0,2172.0,340.0,315.0
2024-05-10,coffee,Neutral/No Change,,0.0034364111866927376,203.6999969482422,204.3999938964844,2024-05-01,Neutral,N/A,83.01,,1464.0,1758.0,,,,,,
2024-06-12,coffee,Neutral/No Change,,0.017229666738503804,220.5500030517578,224.3500061035156,2024-06-01,Neutral,N/A,83.49,83.01,1445.0,1464.0,758.0,766.0,2102.0,2102.0,455.0,445.0
2024-07-12,coffee,Neutral/No Change,,0.014994921776057497,246.75,250.4499969482422,2024-07-01,Neutral,N/A,82.63,83.49,1695.0,1445.0,856.0,758.0,2097.0,2102.0,435.0,455.0
2024-08-12,coffee,Neutral/No Change,,0.029053633681235338,234.0500030517578,240.8500061035156,2024-08-01,Neutral,N/A,77.61,82.63,1985.0,1695.0,828.0,856.0,2073.0,2097.0,560.0,435.0
2024-09-12,coffee,Neutral/No Change,,0.010222501835856533,249.4499969482422,252.0,2024-09-01,Neutral,N/A,76.49,77.61,1777.0,1985.0,828.0,828.0,2057.0,2073.0,550.0,560.0
2024-10-11,coffee,Neutral/No Change,,-0.010598614124601325,254.75,252.0500030517578,2024-10-01,Neutral,N/A,76.33,76.49,1788.0,1777.0,812.0,828.0,1999.0,2057.0,550.0,550.0
2024-11-08,coffee,Neutral/No Change,,-0.027073686475474066,260.3999938964844,253.3500061035156,2024-11-01,Neutral,N/A,75.75,76.33,1464.0,1788.0,815.0,812.0,1938.0,1999.0,470.0,550.0
2024-12-10,coffee,Neutral/No Change,,0.010081270618651852,332.29998779296875,335.6499938964844,2024-12-01,Neutral,N/A,76.02,75.75,1696.0,1464.0,795.0,815.0,1738.0,1938.0,470.0,470.0
2025-01-10,coffee,Neutral/No Change,,0.01679750738937402,318.5,323.8500061035156,2025-01-01,Neutral,N/A,77.91,76.02,1939.0,1696.0,798.0,795.0,1540.0,1738.0,380.0,470.0
2025-02-11,coffee,Neutral/No Change,,-0.036359342803349314,429.0499877929687,413.4500122070313,2025-02-01,Neutral,N/A,78.41,77.91,1913.0,1939.0,794.0,798.0,1540.0,1540.0,380.0,380.0
2025-03-11,coffee,Neutral/No Change,,0.025940685617532558,389.3500061035156,399.4500122070313,2025-03-01,Neutral,N/A,78.33,78.41,1872.0,1913.0,819.0,794.0,1540.0,1540.0,380.0,380.0
2025-04-10,coffee,Neutral/No Change,,0.0033655073321671694,341.70001220703125,342.8500061035156,2025-04-01,Neutral,N/A,78.86,78.33,2016.0,1872.0,846.0,819.0,1465.0,1540.0,375.0,380.0
2025-05-12,coffee,Neutral/No Change,,-0.037013677238742604,397.1499938964844,382.4500122070313,2025-05-01,Neutral,N/A,78.38,,1436.0,2032.0,,,,,,
2025-06-12,coffee,Neutral/No Change,,-0.008127780274129926,350.6499938964844,347.79998779296875,2025-06-01,Neutral,N/A,76.8,78.38,1443.0,1436.0,898.0,923.0,1750.0,1800.0,295.0,295.0
2025-07-11,coffee,Neutral/No Change,,-0.004484262919415381,289.8999938964844,288.6000061035156,2025-07-01,Neutral,N/A,77.32,76.8,1643.0,1443.0,890.0,898.0,1660.0,1750.0,310.0,295.0
2025-08-12,coffee,Neutral/No Change,,-0.01730594979511258,320.70001220703125,315.1499938964844,2025-08-01,Neutral,N/A,73.91,77.32,2160.0,1643.0,869.0,890.0,2117.0,1660.0,290.0,310.0
2025-09-12,coffee,Neutral/No Change,,0.026496703979407017,400.0499877929687,410.6499938964844,2025-09-01,Neutral,N/A,73.14,73.91,1976.0,2160.0,844.0,869.0,2110.0,2117.0,300.0,290.0
2025-11-14,coffee,Neutral/No Change,,-0.004729958566900327,401.7000122070313,399.7999877929687,2025-11-01,Neutral,N/A,75.93,73.14,1845.0,1976.0,901.0,844.0,2154.0,2110.0,290.0,300.0
2025-12-09,coffee,Neutral/No Change,,-0.004671065882987587,396.0499877929687,394.2000122070313,2025-12-01,Neutral,N/A,75.97,75.93,1867.0,1845.0,901.0,901.0,2029.0,2154.0,290.0,290.0
2026-01-12,coffee,Neutral/No Change,,-0.0044736645626190594,357.6499938964844,356.04998779296875,2026-01-01,Neutral,N/A,74.48,75.97,1922.0,1867.0,926.0,901.0,2227.0,2029.0,350.0,290.0
