commodity,release_date,release_time,proj_val,act_val,surprise,return_1d,price_before,price_after,surprise_percent,news_sentiment,news_failure,reason,status,is_realtime
cotton,2020-01-10,12:00 PM,80.32,79.59,-0.7299999999999898,0.008770619546963569,70.69000244140625,71.30999755859375,-0.9088645418326567,Bullish,NO,N/A,Expected Reaction,0
cotton,2020-02-11,12:00 PM,79.59,82.12,2.530000000000001,0.0005866096802345097,68.19000244140625,68.2300033569336,3.178791305440383,Bearish,YES,bad_news_price_up,Bearish News Failure,0
cotton,2020-03-10,12:00 PM,82.12,83.4,1.2800000000000011,0.00032579341851311935,61.38999938964844,61.40999984741211,1.5586945932781309,Bearish,YES,bad_news_price_up,Bearish News Failure,0
cotton,2020-04-09,12:00 PM,83.4,91.26,7.859999999999999,0.009843959468699962,53.84000015258789,54.369998931884766,9.424460431654675,Bearish,YES,bad_news_price_up,Bearish News Failure,0
cotton,2020-05-12,12:00 PM,,99.43,,0.0301959924460508,56.630001068115234,58.34000015258789,0.0,Neutral,N/A,N/A,Neutral/No Change,0
cotton,2020-06-11,12:00 PM,99.43,104.67,5.239999999999995,-0.008097799989446697,60.5099983215332,60.02000045776367,5.2700392235743685,Bearish,NO,N/A,Expected Reaction,0
cotton,2020-07-10,12:00 PM,104.67,102.77,-1.9000000000000057,0.021629285263410146,63.34000015258789,64.70999908447266,-1.8152288143689748,Bullish,NO,N/A,Expected Reaction,0
cotton,2020-08-12,12:00 PM,102.77,104.91,2.1400000000000006,-0.018879877038802305,63.029998779296875,61.84000015258789,2.082319743115696,Bearish,NO,N/A,Expected Reaction,0
cotton,2020-09-11,12:00 PM,104.91,103.84,-1.0699999999999932,0.001563453338844247,63.959999084472656,64.05999755859375,-1.0199218377656976,Bullish,NO,N/A,Expected Reaction,0
cotton,2020-10-09,12:00 PM,103.84,101.13,-2.710000000000008,0.02190658550777025,66.19000244140625,67.63999938964844,-2.609784283513105,Bullish,NO,N/A,Expected Reaction,0
cotton,2020-11-10,12:00 PM,101.13,101.44,0.3100000000000023,-0.002142878941127232,70.0,69.8499984741211,0.30653614159992315,Bearish,NO,N/A,Expected Reaction,0
cotton,2020-12-10,12:00 PM,101.44,97.52,-3.9200000000000017,0.016563984037281158,73.05000305175781,74.26000213623047,-3.864353312302841,Bullish,NO,N/A,Expected Reaction,0
cotton,2021-01-12,12:00 PM,97.52,96.32,-1.2000000000000028,0.015790086264424397,80.43000030517578,81.69999694824219,-1.2305168170631695,Bullish,NO,N/A,Expected Reaction,0
cotton,2021-02-09,12:00 PM,96.32,95.74,-0.5799999999999983,0.03144282824230262,84.27999877929688,86.93000030517578,-0.6021594684385365,Bullish,NO,N/A,Expected Reaction,0
cotton,2021-03-09,12:00 PM,95.74,94.59,-1.1499999999999915,-0.046098883885569805,86.7699966430664,82.7699966430664,-1.2011698349697009,Bullish,YES,good_news_price_down,Bullish News Failure,0
cotton,2021-04-09,12:00 PM,94.59,93.46,-1.1300000000000097,0.012160641435154555,81.41000366210938,82.4000015258789,-1.1946294534306054,Bullish,NO,N/A,Expected Reaction,0
cotton,2021-05-12,12:00 PM,,90.99,,0.00547012372573896,87.75,88.2300033569336,0.0,Neutral,N/A,N/A,Neutral/No Change,0
cotton,2021-06-10,12:00 PM,90.99,89.3,-1.6899999999999977,0.008543036715601249,86.62000274658203,87.36000061035156,-1.8573469612045257,Bullish,NO,N/A,Expected Reaction,0
cotton,2021-07-12,12:00 PM,89.3,87.74,-1.5600000000000023,0.0054552036434500056,87.98999786376953,88.47000122070312,-1.746920492721167,Bullish,NO,N/A,Expected Reaction,0
cotton,2021-08-12,12:00 PM,87.74,87.23,-0.5099999999999909,0.02324309545618102,91.63999938964844,93.7699966430664,-0.5812628219740038,Bullish,NO,N/A,Expected Reaction,0
cotton,2021-09-10,12:00 PM,87.23,86.68,-0.5499999999999972,0.007085509894653528,94.55999755859376,95.2300033569336,-0.6305170239596436,Bullish,NO,N/A,Expected Reaction,0
cotton,2021-10-12,12:00 PM,86.68,87.13,0.44999999999998863,-0.031059328114343063,109.79000091552734,106.37999725341795,0.5191508998615466,Bearish,NO,N/A,Expected Reaction,0
cotton,2021-11-09,12:00 PM,87.13,86.93,-0.19999999999998863,0.024281373895832552,116.5500030517578,119.37999725341795,-0.22954206358313856,Bullish,NO,N/A,Expected Reaction,0
cotton,2021-12-09,12:00 PM,86.93,85.73,-1.2000000000000028,-0.04446442472588542,111.5500030517578,106.58999633789062,-1.3804210284136693,Bullish,YES,good_news_price_down,Bullish News Failure,0
cotton,2022-01-12,12:00 PM,85.73,85.01,-0.7199999999999989,0.013963133886014,116.0199966430664,117.63999938964844,-0.8398460282281568,Bullish,NO,N/A,Expected Reaction,0
cotton,2022-02-09,12:00 PM,85.01,84.31,-0.7000000000000028,-0.005662612757079541,127.1500015258789,126.43000030517578,-0.8234325373485505,Bullish,YES,good_news_price_down,Bullish News Failure,0
cotton,2022-03-09,12:00 PM,84.31,82.57,-1.740000000000009,-0.004092657833296883,122.16999816894533,121.66999816894533,-2.06381212193098,Bullish,YES,good_news_price_down,Bullish News Failure,0
cotton,2022-04-08,12:00 PM,82.57,83.38,0.8100000000000023,-0.005930880662405585,133.1999969482422,132.41000366210938,0.9809858302046776,Bearish,NO,N/A,Expected Reaction,0
cotton,2022-05-12,12:00 PM,,82.82,,0.013440059845053167,143.60000610351562,145.52999877929688,0.0,Neutral,N/A,N/A,Neutral/No Change,0
cotton,2022-06-10,12:00 PM,82.82,82.77,-0.04999999999999716,-0.009896914904153743,146.50999450683594,145.05999755859375,-0.06037189084761792,Bullish,YES,good_news_price_down,Bullish News Failure,0
cotton,2022-07-12,12:00 PM,82.77,84.26,1.490000000000009,-0.0390472462384792,102.44000244140624,98.44000244140624,1.800169143409459,Bearish,NO,N/A,Expected Reaction,0
cotton,2022-08-12,12:00 PM,84.26,82.77,-1.490000000000009,0.03621876051770456,110.44000244140624,114.44000244140624,-1.7683361025397686,Bullish,NO,N/A,Expected Reaction,0
cotton,2022-09-12,12:00 PM,82.77,84.75,1.980000000000004,0.00630024162304367,109.5199966430664,110.20999908447266,2.392171076476989,Bearish,YES,bad_news_price_up,Bearish News Failure,0
cotton,2022-10-12,12:00 PM,84.75,87.87,3.1200000000000045,-0.04433943747854609,88.86000061035156,84.91999816894531,3.681415929203545,Bearish,NO,N/A,Expected Reaction,0
cotton,2022-11-09,12:00 PM,87.87,87.27,-0.6000000000000085,-0.013458032630801958,87.68000030517578,86.5,-0.6828269033800028,Bullish,YES,good_news_price_down,Bullish News Failure,0
cotton,2022-12-09,12:00 PM,87.27,89.56,2.2900000000000063,0.0012368395300972306,80.8499984741211,80.94999694824219,2.624040334593797,Bearish,YES,bad_news_price_up,Bearish News Failure,0
cotton,2023-01-12,12:00 PM,89.56,89.93,0.37000000000000455,-0.026347034944455092,84.26000213623047,82.04000091552734,0.41313086199196575,Bearish,NO,N/A,Expected Reaction,0
cotton,2023-02-08,12:00 PM,89.93,89.08,-0.8500000000000085,-0.0030362549944559255,85.62999725341797,85.37000274658203,-0.9451795841209923,Bullish,YES,good_news_price_down,Bullish News Failure,0
cotton,2023-03-08,12:00 PM,89.08,91.15,2.0700000000000074,-0.0018096456385984594,82.88999938964844,82.73999786376953,2.323753929052545,Bearish,NO,N/A,Expected Reaction,0
cotton,2023-04-11,12:00 PM,91.15,92.01,0.8599999999999994,0.0036386059777071766,82.44999694824219,82.75,0.9434997257268232,Bearish,YES,bad_news_price_up,Bearish News Failure,0
cotton,2023-05-12,12:00 PM,,92.28,,0.011429238901325063,79.62000274658203,80.52999877929688,0.0,Neutral,N/A,N/A,Neutral/No Change,0
cotton,2023-06-09,12:00 PM,92.28,92.79,0.5100000000000051,-0.003202427361936098,84.30999755859375,84.04000091552734,0.5526657997399275,Bearish,NO,N/A,Expected Reaction,0
cotton,2023-07-12,12:00 PM,92.79,94.52,1.7299999999999898,-0.005304337892697689,82.94999694824219,82.51000213623047,1.8644250458023381,Bearish,NO,N/A,Expected Reaction,0
cotton,2023-08-11,12:00 PM,94.52,91.6,-2.9200000000000017,0.022912131733569905,87.29000091552734,89.29000091552734,-3.0892932712653427,Bullish,NO,N/A,Expected Reaction,0
cotton,2023-09-12,12:00 PM,91.6,89.96,-1.6400000000000006,0.00597903456097252,86.97000122070312,87.48999786376953,-1.7903930131004373,Bullish,NO,N/A,Expected Reaction,0
cotton,2023-10-12,12:00 PM,89.96,79.92,-10.039999999999992,-0.0015285699958574317,85.05000305175781,84.91999816894531,-11.160515784793233,Bullish,YES,good_news_price_down,Bullish News Failure,0
cotton,2023-11-09,12:00 PM,79.92,81.5,1.5799999999999983,0.021765219210874674,74.88999938964844,76.5199966430664,1.9769769769769747,Bearish,YES,bad_news_price_up,Bearish News Failure,0
cotton,2023-12-08,12:00 PM,81.5,82.4,0.9000000000000057,-0.013924130614796758,82.58999633789062,81.44000244140625,1.1042944785276143,Bearish,NO,N/A,Expected Reaction,0
cotton,2024-01-12,12:00 PM,82.4,84.38,1.9799999999999898,-0.0006145901104067904,81.36000061035156,81.30999755859375,2.402912621359211,Bearish,NO,N/A,Expected Reaction,0
cotton,2024-02-08,12:00 PM,84.38,83.7,-0.6799999999999926,0.007121026842153375,88.47000122070312,89.0999984741211,-0.805878170182499,Bullish,NO,N/A,Expected Reaction,0
cotton,2024-03-08,12:00 PM,83.7,83.34,-0.35999999999999943,-0.04029008913358419,99.27999877929688,95.27999877929688,-0.4301075268817197,Bullish,YES,good_news_price_down,Bullish News Failure,0
cotton,2024-04-11,12:00 PM,83.34,83.08,-0.2600000000000051,-0.02274053296835773,85.30999755859375,83.37000274658203,-0.3119750419966464,Bullish,YES,good_news_price_down,Bullish News Failure,0
cotton,2024-05-10,12:00 PM,,83.01,,-0.016412225707002705,78.5999984741211,77.30999755859375,0.0,Neutral,N/A,N/A,Neutral/No Change,0
cotton,2024-06-12,12:00 PM,83.01,83.49,0.47999999999998977,-0.013612064450285523,72.7300033569336,71.73999786376953,0.5782435851102153,Bearish,NO,N/A,Expected Reaction,0
cotton,2024-07-12,12:00 PM,83.49,82.63,-0.8599999999999994,-0.0020272139385706673,69.05999755859375,68.91999816894531,-1.0300634806563653,Bullish,YES,good_news_price_down,Bullish News Failure,0
cotton,2024-08-12,12:00 PM,82.63,77.61,-5.019999999999996,0.017886490432836535,67.08999633789062,68.29000091552734,-6.075275323732296,Bullish,NO,N/A,Expected Reaction,0
cotton,2024-09-12,12:00 PM,77.61,76.49,-1.1200000000000045,0.010676749664267002,69.30999755859375,70.05000305175781,-1.4431130009019515,Bullish,NO,N/A,Expected Reaction,0
cotton,2024-10-11,12:00 PM,76.49,76.33,-0.1599999999999966,-0.006193291425216187,72.66000366210938,72.20999908447266,-0.20917767028369277,Bullish,YES,good_news_price_down,Bullish News Failure,0
cotton,2024-11-08,12:00 PM,76.33,75.75,-0.5799999999999983,-0.0009852173373339063,71.05000305175781,70.9800033569336,-0.7598585091051988,Bullish,YES,good_news_price_down,Bullish News Failure,0
cotton,2024-12-10,12:00 PM,75.75,76.02,0.269999999999996,-0.006718993735716017,69.94999694824219,69.4800033569336,0.3564356435643512,Bearish,NO,N/A,Expected Reaction,0
cotton,2025-01-10,12:00 PM,76.02,77.91,1.8900000000000006,-0.021751793631671987,68.5,67.01000213623047,2.4861878453038684,Bearish,NO,N/A,Expected Reaction,0
cotton,2025-02-11,12:00 PM,77.91,78.41,0.5,0.01292456565252133,66.54000091552734,67.4000015258789,0.6417661404184315,Bearish,YES,bad_news_price_up,Bearish News Failure,0
cotton,2025-03-11,12:00 PM,78.41,78.33,-0.0799999999999983,0.0,66.0,66.0,-0.10202780257619985,Bullish,NO,N/A,Expected Reaction,0
cotton,2025-04-10,12:00 PM,78.33,78.86,0.5300000000000011,-0.002401261283357419,66.62999725341797,66.47000122070312,0.676624537214351,Bearish,NO,N/A,Expected Reaction,0
cotton,2025-05-12,12:00 PM,,78.38,,0.0003002048173423776,66.61000061035156,66.62999725341797,0.0,Neutral,N/A,N/A,Neutral/No Change,0
cotton,2025-06-12,12:00 PM,78.38,76.8,-1.5799999999999983,-0.005040504428008676,65.47000122070312,65.13999938964844,-2.015820362337329,Bullish,YES,good_news_price_down,Bullish News Failure,0
cotton,2025-07-11,12:00 PM,76.8,77.32,0.519999999999996,-0.0007547630454009434,66.25,66.19999694824219,0.6770833333333282,Bearish,NO,N/A,Expected Reaction,0
cotton,2025-08-12,12:00 PM,77.32,73.91,-3.4099999999999966,0.02726296146939636,65.29000091552734,67.06999969482422,-4.410243145369887,Bullish,NO,N/A,Expected Reaction,0
cotton,2025-09-12,12:00 PM,73.91,73.14,-0.769999999999996,-0.0027535612301193124,65.37000274658203,65.19000244140625,-1.041807603842506,Bullish,YES,good_news_price_down,Bullish News Failure,0
cotton,2025-11-14,12:00 PM,73.14,75.93,2.7900000000000063,-0.006518280404864909,62.900001525878906,62.4900016784668,3.8146021328958244,Bearish,NO,N/A,Expected Reaction,0
cotton,2025-12-09,12:00 PM,75.93,75.97,0.03999999999999204,0.03199740640044297,61.880001068115234,63.86000061035156,0.05268010009217969,Bearish,YES,bad_news_price_up,Bearish News Failure,0
cotton,2026-01-12,12:00 PM,75.97,74.48,-1.4899999999999949,0.00776276931488728,64.41000366210938,64.91000366210938,-1.9613005133605304,Bullish,NO,N/A,Expected Reaction,0
sugar,2020-01-10,12:00 PM,1655.0,1556.0,-99.0,0.026258180574440394,13.710000038146973,14.06999969482422,-5.981873111782477,Bullish,NO,N/A,Expected Reaction,0
sugar,2020-02-11,12:00 PM,1556.0,1516.0,-40.0,0.024601056283080975,15.039999961853027,15.40999984741211,-2.570694087403599,Bullish,NO,N/A,Expected Reaction,0
sugar,2020-03-10,12:00 PM,1516.0,888.0,-628.0,-0.0015860035395611873,12.609999656677246,12.59000015258789,-41.42480211081794,Bullish,YES,good_news_price_down,Bullish News Failure,0
sugar,2020-04-09,12:00 PM,888.0,1434.0,546.0,0.00578596145408372,10.369999885559082,10.43000030517578,61.48648648648649,Bearish,YES,bad_news_price_up,Bearish News Failure,0
sugar,2020-05-12,12:00 PM,1273.0,1468.0,195.0,0.012845861256028669,10.119999885559082,10.25,15.318146111547525,Bearish,YES,bad_news_price_up,Bearish News Failure,0
sugar,2020-06-11,12:00 PM,1468.0,1468.0,0.0,-0.023712180924579097,12.229999542236328,11.9399995803833,0.0,Neutral,N/A,N/A,Neutral/No Change,0
sugar,2020-07-10,12:00 PM,1468.0,1656.0,188.0,-0.006756750225933819,11.84000015258789,11.760000228881836,12.806539509536785,Bearish,NO,N/A,Expected Reaction,0
sugar,2020-08-12,12:00 PM,1656.0,1788.0,132.0,0.007849323647275837,12.739999771118164,12.84000015258789,7.971014492753622,Bearish,YES,bad_news_price_up,Bearish News Failure,0
sugar,2020-09-11,12:00 PM,1788.0,1659.0,-129.0,0.0008396497909281739,11.90999984741211,11.920000076293944,-7.2147651006711415,Bullish,NO,N/A,Expected Reaction,0
sugar,2020-10-09,12:00 PM,1659.0,1749.0,90.0,0.004234260100164869,14.170000076293944,14.229999542236328,5.424954792043399,Bearish,YES,bad_news_price_up,Bearish News Failure,0
sugar,2020-11-10,12:00 PM,1749.0,1309.0,-440.0,-0.013440847293478199,14.880000114440918,14.68000030517578,-25.157232704402517,Bullish,YES,good_news_price_down,Bullish News Failure,0
sugar,2020-12-10,12:00 PM,1309.0,1666.0,357.0,-0.020708110493456056,14.970000267028809,14.65999984741211,27.27272727272727,Bearish,NO,N/A,Expected Reaction,0
sugar,2021-01-12,12:00 PM,1666.0,1777.0,111.0,-0.01340140632575142,15.670000076293944,15.460000038146973,6.662665066026411,Bearish,NO,N/A,Expected Reaction,0
sugar,2021-02-09,12:00 PM,1777.0,1993.0,216.0,0.01044868294473988,16.270000457763672,16.440000534057617,12.155317951603827,Bearish,YES,bad_news_price_up,Bearish News Failure,0
sugar,2021-03-09,12:00 PM,1993.0,1848.0,-145.0,-0.018518588288927152,16.200000762939453,15.899999618530272,-7.275464124435524,Bullish,YES,good_news_price_down,Bullish News Failure,0
sugar,2021-04-09,12:00 PM,1848.0,1848.0,0.0,0.018445304831497557,15.18000030517578,15.460000038146973,0.0,Neutral,N/A,N/A,Neutral/No Change,0
sugar,2021-05-12,12:00 PM,1805.0,1502.0,-303.0,-0.01436465322663843,18.100000381469727,17.84000015258789,-16.786703601108034,Bullish,YES,good_news_price_down,Bullish News Failure,0
sugar,2021-06-10,12:00 PM,1502.0,1452.0,-50.0,-0.00394809343663353,17.729999542236328,17.65999984741211,-3.3288948069241013,Bullish,YES,good_news_price_down,Bullish News Failure,0
sugar,2021-07-12,12:00 PM,1452.0,1656.0,204.0,-0.01678245972243884,17.280000686645508,16.989999771118164,14.049586776859504,Bearish,NO,N/A,Expected Reaction,0
sugar,2021-08-12,12:00 PM,1656.0,1672.0,16.0,0.0035953571978216453,19.469999313354492,19.540000915527344,0.966183574879227,Bearish,YES,bad_news_price_up,Bearish News Failure,0
sugar,2021-09-10,12:00 PM,1672.0,1666.0,-6.0,-0.023388714186282338,19.239999771118164,18.790000915527344,-0.3588516746411483,Bullish,YES,good_news_price_down,Bullish News Failure,0
sugar,2021-10-12,12:00 PM,1666.0,1627.0,-39.0,-0.012788993106618725,20.329999923706055,20.06999969482422,-2.34093637454982,Bullish,YES,good_news_price_down,Bullish News Failure,0
sugar,2021-11-09,12:00 PM,1627.0,1765.0,138.0,-0.001004039040515551,19.920000076293945,19.899999618530273,8.481868469575907,Bearish,NO,N/A,Expected Reaction,0
sugar,2021-12-09,12:00 PM,1765.0,1678.0,-87.0,-0.00655898903977024,19.81999969482422,19.690000534057617,-4.929178470254957,Bullish,YES,good_news_price_down,Bullish News Failure,0
sugar,2022-01-12,12:00 PM,1678.0,1773.0,95.0,0.012700139949463361,18.11000061035156,18.34000015258789,5.66150178784267,Bearish,YES,bad_news_price_up,Bearish News Failure,0
sugar,2022-02-09,12:00 PM,1773.0,1818.0,45.0,0.022123872799678704,18.079999923706055,18.479999542236328,2.5380710659898478,Bearish,YES,bad_news_price_up,Bearish News Failure,0
sugar,2022-03-09,12:00 PM,1818.0,1692.0,-126.0,-0.02521872174071132,19.43000030517578,18.940000534057617,-6.9306930693069315,Bullish,YES,good_news_price_down,Bullish News Failure,0
sugar,2022-04-08,12:00 PM,1692.0,1567.0,-125.0,0.02872982310687478,19.84000015258789,20.40999984741211,-7.387706855791961,Bullish,NO,N/A,Expected Reaction,0
sugar,2022-05-12,12:00 PM,1813.0,1266.0,-547.0,0.004851760446872973,18.549999237060547,18.63999938964844,-30.170987313844456,Bullish,NO,N/A,Expected Reaction,0
sugar,2022-06-10,12:00 PM,1266.0,963.0,-303.0,-0.02177294226854439,19.290000915527344,18.8700008392334,-23.933649289099527,Bullish,YES,good_news_price_down,Bullish News Failure,0
sugar,2022-07-12,12:00 PM,963.0,1564.0,601.0,-0.00901378954360346,18.86000061035156,18.690000534057617,62.40913811007269,Bearish,NO,N/A,Expected Reaction,0
sugar,2022-08-12,12:00 PM,1564.0,1814.0,250.0,0.005949194792494598,18.489999771118164,18.600000381469727,15.9846547314578,Bearish,YES,bad_news_price_up,Bearish News Failure,0
sugar,2022-09-12,12:00 PM,1814.0,1710.0,-104.0,0.007135075357546752,18.219999313354492,18.350000381469727,-5.733186328555679,Bullish,NO,N/A,Expected Reaction,0
sugar,2022-10-12,12:00 PM,1710.0,1872.0,162.0,-0.003201679118206457,18.739999771118164,18.68000030517578,9.473684210526317,Bearish,NO,N/A,Expected Reaction,0
sugar,2022-11-09,12:00 PM,1872.0,1701.0,-171.0,0.019999955829821135,19.0,19.3799991607666,-9.134615384615383,Bullish,NO,N/A,Expected Reaction,0
sugar,2022-12-09,12:00 PM,1701.0,1707.0,6.0,-0.004065036710645525,19.68000030517578,19.600000381469727,0.3527336860670194,Bearish,NO,N/A,Expected Reaction,0
sugar,2023-01-12,12:00 PM,1707.0,1885.0,178.0,-0.003053407995275599,19.649999618530273,19.59000015258789,10.427650849443468,Bearish,NO,N/A,Expected Reaction,0
sugar,2023-02-08,12:00 PM,1885.0,1874.0,-11.0,0.017274501329927198,20.84000015258789,21.200000762939453,-0.583554376657825,Bullish,NO,N/A,Expected Reaction,0
sugar,2023-03-08,12:00 PM,1874.0,1720.0,-154.0,-0.00666038505938097,21.020000457763672,20.8799991607666,-8.217716115261473,Bullish,YES,good_news_price_down,Bullish News Failure,0
sugar,2023-04-11,12:00 PM,1720.0,1897.0,177.0,0.03438036467114224,23.559999465942383,24.3700008392334,10.290697674418604,Bearish,YES,bad_news_price_up,Bearish News Failure,0
sugar,2023-05-12,12:00 PM,1734.0,1444.0,-290.0,0.007686350963577559,26.020000457763672,26.219999313354492,-16.724336793540946,Bullish,NO,N/A,Expected Reaction,0
sugar,2023-06-09,12:00 PM,1444.0,1353.0,-91.0,-0.003924661823637919,25.479999542236328,25.3799991607666,-6.301939058171745,Bullish,YES,good_news_price_down,Bullish News Failure,0
sugar,2023-07-12,12:00 PM,1353.0,1719.0,366.0,0.016149560122294036,23.530000686645508,23.90999984741211,27.0509977827051,Bearish,YES,bad_news_price_up,Bearish News Failure,0
sugar,2023-08-11,12:00 PM,1719.0,1942.0,223.0,0.015866352762485807,23.950000762939453,24.329999923706055,12.972658522396744,Bearish,YES,bad_news_price_up,Bearish News Failure,0
sugar,2023-09-12,12:00 PM,1942.0,1714.0,-228.0,0.01628789058292115,26.399999618530273,26.829999923706055,-11.740473738414007,Bullish,NO,N/A,Expected Reaction,0
sugar,2023-10-12,12:00 PM,1714.0,1557.0,-157.0,-0.0018939105220839548,26.399999618530273,26.350000381469727,-9.159859976662778,Bullish,YES,good_news_price_down,Bullish News Failure,0
sugar,2023-11-09,12:00 PM,1557.0,1569.0,12.0,0.02094824040248212,27.209999084472656,27.780000686645508,0.7707129094412332,Bearish,YES,bad_news_price_up,Bearish News Failure,0
sugar,2023-12-08,12:00 PM,1569.0,1624.0,55.0,0.014329132169649018,23.030000686645508,23.36000061035156,3.5054174633524537,Bearish,YES,bad_news_price_up,Bearish News Failure,0
sugar,2024-01-12,12:00 PM,1624.0,1754.0,130.0,-0.0068933647496558365,21.760000228881836,21.61000061035156,8.004926108374384,Bearish,NO,N/A,Expected Reaction,0
sugar,2024-02-08,12:00 PM,1754.0,1805.0,51.0,0.004187620811730227,23.8799991607666,23.979999542236328,2.9076396807297606,Bearish,YES,bad_news_price_up,Bearish News Failure,0
sugar,2024-03-08,12:00 PM,1805.0,1701.0,-104.0,-0.0061090725526535316,21.280000686645508,21.149999618530273,-5.761772853185596,Bullish,YES,good_news_price_down,Bullish News Failure,0
sugar,2024-04-11,12:00 PM,1701.0,1722.0,21.0,-0.028424917475615978,21.459999084472656,20.850000381469727,1.2345679012345678,Bearish,NO,N/A,Expected Reaction,0
sugar,2024-05-10,12:00 PM,1758.0,1464.0,-294.0,-0.014300341559578003,19.579999923706055,19.299999237060547,-16.723549488054605,Bullish,YES,good_news_price_down,Bullish News Failure,0
sugar,2024-06-12,12:00 PM,1464.0,1445.0,-19.0,0.01649810808078306,18.790000915527344,19.100000381469727,-1.2978142076502732,Bullish,NO,N/A,Expected Reaction,0
sugar,2024-07-12,12:00 PM,1445.0,1695.0,250.0,-0.011837341154084318,19.43000030517578,19.200000762939453,17.301038062283737,Bearish,NO,N/A,Expected Reaction,0
sugar,2024-08-12,12:00 PM,1695.0,1985.0,290.0,-0.010281311223776794,18.479999542236328,18.290000915527344,17.10914454277286,Bearish,NO,N/A,Expected Reaction,0
sugar,2024-09-12,12:00 PM,1985.0,1777.0,-208.0,0.018152704799655067,18.729999542236328,19.06999969482422,-10.478589420654911,Bullish,NO,N/A,Expected Reaction,0
sugar,2024-10-11,12:00 PM,1777.0,1788.0,11.0,0.0036101048852397555,22.15999984741211,22.239999771118164,0.6190208216094542,Bearish,YES,bad_news_price_up,Bearish News Failure,0
sugar,2024-11-08,12:00 PM,1788.0,1464.0,-324.0,-0.017117164642156492,22.200000762939453,21.81999969482422,-18.120805369127517,Bullish,YES,good_news_price_down,Bullish News Failure,0
sugar,2024-12-10,12:00 PM,1464.0,1696.0,232.0,-0.02139530625454215,21.5,21.040000915527344,15.846994535519126,Bearish,NO,N/A,Expected Reaction,0
sugar,2025-01-10,12:00 PM,1696.0,1939.0,243.0,0.006282666465346522,19.100000381469727,19.219999313354492,14.327830188679243,Bearish,YES,bad_news_price_up,Bearish News Failure,0
sugar,2025-02-11,12:00 PM,1939.0,1913.0,-26.0,0.01897440201196915,19.5,19.8700008392334,-1.3408973697782363,Bullish,NO,N/A,Expected Reaction,0
sugar,2025-03-11,12:00 PM,1913.0,1872.0,-41.0,-0.009549087614487714,18.850000381469727,18.670000076293945,-2.1432305279665447,Bullish,YES,good_news_price_down,Bullish News Failure,0
sugar,2025-04-10,12:00 PM,1872.0,2016.0,144.0,0.011725348610297894,17.90999984741211,18.1200008392334,7.6923076923076925,Bearish,YES,bad_news_price_up,Bearish News Failure,0
sugar,2025-05-12,12:00 PM,2032.0,1436.0,-596.0,-0.004499433105542135,17.780000686645508,17.700000762939453,-29.330708661417322,Bullish,YES,good_news_price_down,Bullish News Failure,0
sugar,2025-06-12,12:00 PM,1436.0,1443.0,7.0,-0.009135177699958264,16.420000076293945,16.270000457763672,0.48746518105849584,Bearish,NO,N/A,Expected Reaction,0
sugar,2025-07-11,12:00 PM,1443.0,1643.0,200.0,0.019065157538666333,16.260000228881836,16.56999969482422,13.86001386001386,Bearish,YES,bad_news_price_up,Bearish News Failure,0
sugar,2025-08-12,12:00 PM,1643.0,2160.0,517.0,0.02728931286752463,16.489999771118164,16.940000534057617,31.466828971393788,Bearish,YES,bad_news_price_up,Bearish News Failure,0
sugar,2025-09-12,12:00 PM,2160.0,1976.0,-184.0,-0.0018963169121304156,15.81999969482422,15.789999961853027,-8.518518518518519,Bullish,YES,good_news_price_down,Bullish News Failure,0
sugar,2025-11-14,12:00 PM,1976.0,1845.0,-131.0,0.036011113079954034,14.4399995803833,14.960000038146973,-6.629554655870446,Bullish,NO,N/A,Expected Reaction,0
sugar,2025-12-09,12:00 PM,1845.0,1867.0,22.0,-0.010121431958103434,14.81999969482422,14.670000076293944,1.1924119241192412,Bearish,NO,N/A,Expected Reaction,0
sugar,2026-01-12,12:00 PM,1867.0,1922.0,55.0,-0.0033579710934852516,14.890000343322754,14.84000015258789,2.945902517407606,Bearish,NO,N/A,Expected Reaction,0
wheat,2020-01-10,12:00 PM,974.0,965.0,-9.0,0.004001778568252557,562.25,564.5,-0.9240246406570842,Bullish,NO,N/A,Expected Reaction,0
wheat,2020-02-11,12:00 PM,965.0,940.0,-25.0,-0.018115942028985508,552.0,542.0,-2.5906735751295336,Bullish,YES,good_news_price_down,Bullish News Failure,0
wheat,2020-03-10,12:00 PM,940.0,940.0,0.0,0.00861656294877932,522.25,526.75,0.0,Neutral,N/A,N/A,Neutral/No Change,0
wheat,2020-04-09,12:00 PM,940.0,970.0,30.0,0.015047879616963064,548.25,556.5,3.1914893617021276,Bearish,YES,bad_news_price_up,Bearish News Failure,0
wheat,2020-05-12,12:00 PM,,,,-0.005717008099094807,524.75,521.75,0.0,Neutral,N/A,N/A,Neutral/No Change,0
wheat,2020-06-11,12:00 PM,909.0,925.0,16.0,-0.013827160493827161,506.25,499.25,1.76017601760176,Bearish,NO,N/A,Expected Reaction,0
wheat,2020-07-10,12:00 PM,925.0,942.0,17.0,0.018052256532066508,526.25,535.75,1.8378378378378377,Bearish,YES,bad_news_price_up,Bearish News Failure,0
wheat,2020-08-12,12:00 PM,942.0,925.0,-17.0,-0.007575757575757576,495.0,491.25,-1.8046709129511678,Bullish,YES,good_news_price_down,Bullish News Failure,0
wheat,2020-09-11,12:00 PM,925.0,925.0,0.0,-0.011574074074074073,540.0,533.75,0.0,Neutral,N/A,N/A,Neutral/No Change,0
wheat,2020-10-09,12:00 PM,925.0,883.0,-42.0,-0.00251994960100798,595.25,593.75,-4.54054054054054,Bullish,YES,good_news_price_down,Bullish News Failure,0
wheat,2020-11-10,12:00 PM,883.0,877.0,-6.0,0.018410041841004185,597.5,608.5,-0.6795016987542469,Bullish,NO,N/A,Expected Reaction,0
wheat,2020-12-10,12:00 PM,877.0,862.0,-15.0,0.02296360485268631,577.0,590.25,-1.7103762827822122,Bullish,NO,N/A,Expected Reaction,0
wheat,2021-01-12,12:00 PM,862.0,836.0,-26.0,0.04765655769988184,634.75,665.0,-3.0162412993039442,Bullish,NO,N/A,Expected Reaction,0
wheat,2021-02-09,12:00 PM,836.0,836.0,0.0,-0.009531071292413268,655.75,649.5,0.0,Neutral,N/A,N/A,Neutral/No Change,0
wheat,2021-03-09,12:00 PM,836.0,836.0,0.0,0.015467904098994586,646.5,656.5,0.0,Neutral,N/A,N/A,Neutral/No Change,0
wheat,2021-04-09,12:00 PM,836.0,852.0,16.0,0.015904572564612324,628.75,638.75,1.9138755980861244,Bearish,YES,bad_news_price_up,Bearish News Failure,0
wheat,2021-05-12,12:00 PM,,,,-0.006581112207963146,759.75,754.75,0.0,Neutral,N/A,N/A,Neutral/No Change,0
wheat,2021-06-10,12:00 PM,774.0,770.0,-4.0,0.0021986075485525836,682.25,683.75,-0.516795865633075,Bullish,NO,N/A,Expected Reaction,0
wheat,2021-07-12,12:00 PM,770.0,665.0,-105.0,0.043549712407559574,608.5,635.0,-13.636363636363635,Bullish,NO,N/A,Expected Reaction,0
wheat,2021-08-12,12:00 PM,665.0,627.0,-38.0,0.03645116918844567,727.0,753.5,-5.714285714285714,Bullish,NO,N/A,Expected Reaction,0
wheat,2021-09-10,12:00 PM,627.0,615.0,-12.0,-0.009537784299339692,681.5,675.0,-1.9138755980861244,Bullish,YES,good_news_price_down,Bullish News Failure,0
wheat,2021-10-12,12:00 PM,615.0,580.0,-35.0,0.0030748206354629312,731.75,734.0,-5.691056910569105,Bullish,NO,N/A,Expected Reaction,0
wheat,2021-11-09,12:00 PM,580.0,583.0,3.0,0.013671875,768.0,778.5,0.5172413793103449,Bearish,YES,bad_news_price_up,Bearish News Failure,0
wheat,2021-12-09,12:00 PM,583.0,598.0,15.0,-0.022432859399684046,791.25,773.5,2.5728987993138936,Bearish,NO,N/A,Expected Reaction,0
wheat,2022-01-12,12:00 PM,598.0,628.0,30.0,-0.01622849724115547,770.25,757.75,5.016722408026756,Bearish,NO,N/A,Expected Reaction,0
wheat,2022-02-09,12:00 PM,628.0,648.0,20.0,0.008025682182985553,778.75,785.0,3.1847133757961785,Bearish,YES,bad_news_price_up,Bearish News Failure,0
wheat,2022-03-09,12:00 PM,648.0,653.0,5.0,-0.05773762765121759,1273.0,1199.5,0.7716049382716049,Bearish,NO,N/A,Expected Reaction,0
wheat,2022-04-08,12:00 PM,653.0,678.0,25.0,0.030882352941176472,1020.0,1051.5,3.828483920367534,Bearish,YES,bad_news_price_up,Bearish News Failure,0
wheat,2022-05-12,12:00 PM,,,,0.059301014656144305,1108.75,1174.5,0.0,Neutral,N/A,N/A,Neutral/No Change,0
wheat,2022-06-10,12:00 PM,619.0,627.0,8.0,-0.0004667444574095683,1071.25,1070.75,1.2924071082390953,Bearish,NO,N/A,Expected Reaction,0
wheat,2022-07-12,12:00 PM,627.0,639.0,12.0,-0.050074074074074076,843.75,801.5,1.9138755980861244,Bearish,NO,N/A,Expected Reaction,0
wheat,2022-08-12,12:00 PM,639.0,610.0,-29.0,-0.00585877274128893,810.75,806.0,-4.538341158059469,Bullish,YES,good_news_price_down,Bullish News Failure,0
wheat,2022-09-12,12:00 PM,610.0,610.0,0.0,-0.014063873425139173,853.25,841.25,0.0,Neutral,N/A,N/A,Neutral/No Change,0
wheat,2022-10-12,12:00 PM,610.0,576.0,-34.0,-0.020810210876803552,901.0,882.25,-5.573770491803279,Bullish,YES,good_news_price_down,Bullish News Failure,0
wheat,2022-11-09,12:00 PM,576.0,571.0,-5.0,-0.02567200241618846,827.75,806.5,-0.8680555555555556,Bullish,YES,good_news_price_down,Bullish News Failure,0
wheat,2022-12-09,12:00 PM,571.0,571.0,0.0,-0.01587849499482223,724.25,712.75,0.0,Neutral,N/A,N/A,Neutral/No Change,0
wheat,2023-01-12,12:00 PM,571.0,567.0,-4.0,0.0037162162162162164,740.0,742.75,-0.7005253940455342,Bullish,NO,N/A,Expected Reaction,0
wheat,2023-02-08,12:00 PM,567.0,568.0,1.0,0.020006668889629875,749.75,764.75,0.1763668430335097,Bearish,YES,bad_news_price_up,Bearish News Failure,0
wheat,2023-03-08,12:00 PM,568.0,568.0,0.0,-0.014968966776195691,684.75,674.5,0.0,Neutral,N/A,N/A,Neutral/No Change,0
wheat,2023-04-11,12:00 PM,568.0,598.0,30.0,-0.006632277081798084,678.5,674.0,5.28169014084507,Bearish,NO,N/A,Expected Reaction,0
wheat,2023-05-12,12:00 PM,,,,0.016687016687016686,614.25,624.5,0.0,Neutral,N/A,N/A,Neutral/No Change,0
wheat,2023-06-09,12:00 PM,556.0,562.0,6.0,0.006387225548902195,626.25,630.25,1.079136690647482,Bearish,YES,bad_news_price_up,Bearish News Failure,0
wheat,2023-07-12,12:00 PM,562.0,592.0,30.0,-0.0434949961508853,649.5,621.25,5.338078291814947,Bearish,NO,N/A,Expected Reaction,0
wheat,2023-08-11,12:00 PM,592.0,615.0,23.0,-0.01724813798510388,637.75,626.75,3.885135135135135,Bearish,NO,N/A,Expected Reaction,0
wheat,2023-09-12,12:00 PM,615.0,615.0,0.0,0.007643884892086331,556.0,560.25,0.0,Neutral,N/A,N/A,Neutral/No Change,0
wheat,2023-10-12,12:00 PM,615.0,670.0,55.0,0.02787769784172662,556.0,571.5,8.94308943089431,Bearish,YES,bad_news_price_up,Bearish News Failure,0
wheat,2023-11-09,12:00 PM,670.0,684.0,14.0,-0.019417475728155338,592.25,580.75,2.0895522388059704,Bearish,NO,N/A,Expected Reaction,0
wheat,2023-12-08,12:00 PM,684.0,659.0,-25.0,-0.01757188498402556,626.0,615.0,-3.654970760233918,Bullish,YES,good_news_price_down,Bullish News Failure,0
wheat,2024-01-12,12:00 PM,659.0,648.0,-11.0,-0.012836438923395446,603.75,596.0,-1.669195751138088,Bullish,YES,good_news_price_down,Bullish News Failure,0
wheat,2024-02-08,12:00 PM,648.0,658.0,10.0,-0.022425249169435217,602.0,588.5,1.5432098765432098,Bearish,NO,N/A,Expected Reaction,0
wheat,2024-03-08,12:00 PM,658.0,673.0,15.0,0.011521843494959194,520.75,526.75,2.2796352583586628,Bearish,YES,bad_news_price_up,Bearish News Failure,0
wheat,2024-04-11,12:00 PM,673.0,698.0,25.0,-0.012085944494180842,558.5,551.75,3.7147102526002973,Bearish,NO,N/A,Expected Reaction,0
wheat,2024-05-10,12:00 PM,,,,0.04195240016135539,619.75,645.75,0.0,Neutral,N/A,N/A,Neutral/No Change,0
wheat,2024-06-12,12:00 PM,766.0,758.0,-8.0,-0.015163607342378291,626.5,617.0,-1.0443864229765014,Bullish,YES,good_news_price_down,Bullish News Failure,0
wheat,2024-07-12,12:00 PM,758.0,856.0,98.0,-0.02931889941362201,554.25,538.0,12.928759894459102,Bearish,NO,N/A,Expected Reaction,0
wheat,2024-08-12,12:00 PM,856.0,828.0,-28.0,-0.010599078341013824,542.5,536.75,-3.2710280373831773,Bullish,YES,good_news_price_down,Bullish News Failure,0
wheat,2024-09-12,12:00 PM,828.0,828.0,0.0,-0.0013303769401330377,563.75,563.0,0.0,Neutral,N/A,N/A,Neutral/No Change,0
wheat,2024-10-11,12:00 PM,828.0,812.0,-16.0,-0.007867494824016562,603.75,599.0,-1.932367149758454,Bullish,YES,good_news_price_down,Bullish News Failure,0
wheat,2024-11-08,12:00 PM,812.0,815.0,3.0,0.0017497812773403325,571.5,572.5,0.3694581280788177,Bearish,YES,bad_news_price_up,Bearish News Failure,0
wheat,2024-12-10,12:00 PM,815.0,795.0,-20.0,0.0013856812933025404,541.25,542.0,-2.4539877300613497,Bullish,NO,N/A,Expected Reaction,0
wheat,2025-01-10,12:00 PM,795.0,798.0,3.0,-0.006086142322097378,534.0,530.75,0.37735849056603776,Bearish,NO,N/A,Expected Reaction,0
wheat,2025-02-11,12:00 PM,798.0,794.0,-4.0,-0.004314063848144953,579.5,577.0,-0.5012531328320802,Bullish,YES,good_news_price_down,Bullish News Failure,0
wheat,2025-03-11,12:00 PM,794.0,819.0,25.0,-0.007794589637780834,545.25,541.0,3.1486146095717884,Bearish,NO,N/A,Expected Reaction,0
wheat,2025-04-10,12:00 PM,819.0,846.0,27.0,-0.007837713231904103,542.25,538.0,3.296703296703297,Bearish,NO,N/A,Expected Reaction,0
wheat,2025-05-12,12:00 PM,,,,-0.012858555885262116,505.5,499.0,0.0,Neutral,N/A,N/A,Neutral/No Change,0
wheat,2025-06-12,12:00 PM,923.0,898.0,-25.0,-0.014506317267197005,534.25,526.5,-2.7085590465872156,Bullish,YES,good_news_price_down,Bullish News Failure,0
wheat,2025-07-11,12:00 PM,898.0,890.0,-8.0,-0.017264879600181735,550.25,540.75,-0.8908685968819599,Bullish,YES,good_news_price_down,Bullish News Failure,0
wheat,2025-08-12,12:00 PM,890.0,869.0,-21.0,-0.019417475728155338,515.0,505.0,-2.359550561797753,Bullish,YES,good_news_price_down,Bullish News Failure,0
wheat,2025-09-12,12:00 PM,869.0,844.0,-25.0,0.0,503.0,503.0,-2.8768699654775602,Bullish,NO,N/A,Expected Reaction,0
wheat,2025-11-14,12:00 PM,844.0,901.0,57.0,-0.015865608959402706,535.75,527.25,6.753554502369669,Bearish,NO,N/A,Expected Reaction,0
wheat,2025-12-09,12:00 PM,901.0,901.0,0.0,0.0004664179104477612,536.0,536.25,0.0,Neutral,N/A,N/A,Neutral/No Change,0
wheat,2026-01-12,12:00 PM,901.0,926.0,25.0,-0.011599806669888834,517.25,511.25,2.774694783573807,Bearish,NO,N/A,Expected Reaction,0
corn,2020-01-10,12:00 PM,1910.0,1892.0,-18.0,0.006523157208088715,383.25,385.75,-0.9424083769633508,Bullish,NO,N/A,Expected Reaction,0
corn,2020-02-11,12:00 PM,1892.0,1892.0,0.0,-0.005239030779305829,381.75,379.75,0.0,Neutral,N/A,N/A,Neutral/No Change,0
corn,2020-03-10,12:00 PM,1892.0,1892.0,0.0,0.015364061456245824,374.25,380.0,0.0,Neutral,N/A,N/A,Neutral/No Change,0
corn,2020-04-09,12:00 PM,1892.0,2092.0,200.0,0.005303030303030303,330.0,331.75,10.570824524312897,Bearish,YES,bad_news_price_up,Bearish News Failure,0
corn,2020-05-12,12:00 PM,,,,0.016483516483516484,318.5,323.75,0.0,Neutral,N/A,N/A,Neutral/No Change,0
corn,2020-06-11,12:00 PM,3318.0,3323.0,5.0,0.010727969348659003,326.25,329.75,0.1506931886678722,Bearish,YES,bad_news_price_up,Bearish News Failure,0
corn,2020-07-10,12:00 PM,3323.0,2648.0,-675.0,-0.030604982206405694,351.25,340.5,-20.312970207643698,Bullish,YES,good_news_price_down,Bullish News Failure,0
corn,2020-08-12,12:00 PM,2648.0,2756.0,108.0,0.009630818619582664,311.5,314.5,4.078549848942599,Bearish,YES,bad_news_price_up,Bearish News Failure,0
corn,2020-09-11,12:00 PM,2756.0,2503.0,-253.0,0.021693491952414275,357.25,365.0,-9.179970972423803,Bullish,NO,N/A,Expected Reaction,0
corn,2020-10-09,12:00 PM,2503.0,2167.0,-336.0,0.020671834625323,387.0,395.0,-13.423891330403514,Bullish,NO,N/A,Expected Reaction,0
corn,2020-11-10,12:00 PM,2167.0,1702.0,-465.0,0.03803680981595092,407.5,423.0,-21.458237194277803,Bullish,NO,N/A,Expected Reaction,0
corn,2020-12-10,12:00 PM,1702.0,1702.0,0.0,-0.004146919431279621,422.0,420.25,0.0,Neutral,N/A,N/A,Neutral/No Change,0
corn,2021-01-12,12:00 PM,1702.0,1552.0,-150.0,0.05078720162519045,492.25,517.25,-8.81316098707403,Bullish,NO,N/A,Expected Reaction,0
corn,2021-02-09,12:00 PM,1552.0,1502.0,-50.0,-0.013303769401330377,563.75,556.25,-3.221649484536082,Bullish,YES,good_news_price_down,Bullish News Failure,0
corn,2021-03-09,12:00 PM,1502.0,1502.0,0.0,-0.005309734513274336,565.0,562.0,0.0,Neutral,N/A,N/A,Neutral/No Change,0
corn,2021-04-09,12:00 PM,1502.0,1352.0,-150.0,-0.004312203536006899,579.75,577.25,-9.986684420772303,Bullish,YES,good_news_price_down,Bullish News Failure,0
corn,2021-05-12,12:00 PM,,,,-0.0026333113890717576,759.5,757.5,0.0,Neutral,N/A,N/A,Neutral/No Change,0
corn,2021-06-10,12:00 PM,1507.0,1357.0,-150.0,0.011943539630836048,690.75,699.0,-9.9535500995355,Bullish,NO,N/A,Expected Reaction,0
corn,2021-07-12,12:00 PM,1357.0,1432.0,75.0,0.06272330289797538,629.75,669.25,5.52689756816507,Bearish,YES,bad_news_price_up,Bearish News Failure,0
corn,2021-08-12,12:00 PM,1432.0,1242.0,-190.0,0.019325842696629212,556.25,567.0,-13.268156424581006,Bullish,NO,N/A,Expected Reaction,0
corn,2021-09-10,12:00 PM,1242.0,1408.0,166.0,0.013608870967741936,496.0,502.75,13.365539452495975,Bearish,YES,bad_news_price_up,Bearish News Failure,0
corn,2021-10-12,12:00 PM,1408.0,1500.0,92.0,-0.019699812382739212,533.0,522.5,6.534090909090909,Bearish,NO,N/A,Expected Reaction,0
corn,2021-11-09,12:00 PM,1500.0,1493.0,-7.0,0.0058930190389845875,551.5,554.75,-0.46666666666666673,Bullish,NO,N/A,Expected Reaction,0
corn,2021-12-09,12:00 PM,1493.0,1493.0,0.0,0.006412997007268063,584.75,588.5,0.0,Neutral,N/A,N/A,Neutral/No Change,0
corn,2022-01-12,12:00 PM,1493.0,1540.0,47.0,-0.0033277870216306157,601.0,599.0,3.148024112525117,Bearish,NO,N/A,Expected Reaction,0
corn,2022-02-09,12:00 PM,1540.0,1540.0,0.0,0.022933965994464216,632.25,646.75,0.0,Neutral,N/A,N/A,Neutral/No Change,0
corn,2022-03-09,12:00 PM,1540.0,1440.0,-100.0,-0.02584493041749503,754.5,735.0,-6.493506493506493,Bullish,YES,good_news_price_down,Bullish News Failure,0
corn,2022-04-08,12:00 PM,1440.0,1440.0,0.0,0.014516661167931376,757.75,768.75,0.0,Neutral,N/A,N/A,Neutral/No Change,0
corn,2022-05-12,12:00 PM,,,,0.014023060143346837,802.25,813.5,0.0,Neutral,N/A,N/A,Neutral/No Change,0
corn,2022-06-10,12:00 PM,1360.0,1400.0,40.0,0.0003234152652005175,773.0,773.25,2.941176470588235,Bearish,YES,bad_news_price_up,Bearish News Failure,0
corn,2022-07-12,12:00 PM,1400.0,1470.0,70.0,-0.06208,781.25,732.75,5.0,Bearish,NO,N/A,Expected Reaction,0
corn,2022-08-12,12:00 PM,1470.0,1388.0,-82.0,0.0166865315852205,629.25,639.75,-5.578231292517007,Bullish,NO,N/A,Expected Reaction,0
corn,2022-09-12,12:00 PM,1388.0,1219.0,-169.0,0.01968503937007874,698.5,712.25,-12.17579250720461,Bullish,NO,N/A,Expected Reaction,0
corn,2022-10-12,12:00 PM,1219.0,1172.0,-47.0,0.0,693.0,693.0,-3.855619360131255,Bullish,NO,N/A,Expected Reaction,0
corn,2022-11-09,12:00 PM,1172.0,1182.0,10.0,-0.0044943820224719105,667.5,664.5,0.8532423208191127,Bearish,NO,N/A,Expected Reaction,0
corn,2022-12-09,12:00 PM,1182.0,1257.0,75.0,0.00435126582278481,632.0,634.75,6.345177664974619,Bearish,YES,bad_news_price_up,Bearish News Failure,0
corn,2023-01-12,12:00 PM,1257.0,1242.0,-15.0,0.022865853658536585,656.0,671.0,-1.1933174224343674,Bullish,NO,N/A,Expected Reaction,0
corn,2023-02-08,12:00 PM,1242.0,1267.0,25.0,0.0066765578635014835,674.0,678.5,2.0128824476650564,Bearish,YES,bad_news_price_up,Bearish News Failure,0
corn,2023-03-08,12:00 PM,1267.0,1342.0,75.0,-0.011682242990654205,642.0,634.5,5.919494869771113,Bearish,NO,N/A,Expected Reaction,0
corn,2023-04-11,12:00 PM,1342.0,1342.0,0.0,-0.0045871559633027525,654.0,651.0,0.0,Neutral,N/A,N/A,Neutral/No Change,0
corn,2023-05-12,12:00 PM,,,,0.0011857707509881424,632.5,633.25,0.0,Neutral,N/A,N/A,Neutral/No Change,0
corn,2023-06-09,12:00 PM,2222.0,2257.0,35.0,-0.009832036050798854,610.25,604.25,1.5751575157515751,Bearish,NO,N/A,Expected Reaction,0
corn,2023-07-12,12:00 PM,2257.0,2262.0,5.0,-0.038478355924792304,571.75,549.75,0.2215330084182543,Bearish,NO,N/A,Expected Reaction,0
corn,2023-08-11,12:00 PM,2262.0,2202.0,-60.0,-0.01810657009829281,483.25,474.5,-2.6525198938992043,Bullish,YES,good_news_price_down,Bullish News Failure,0
corn,2023-09-12,12:00 PM,2202.0,2221.0,19.0,-0.016976127320954906,471.25,463.25,0.862851952770209,Bearish,NO,N/A,Expected Reaction,0
corn,2023-10-12,12:00 PM,2221.0,2111.0,-110.0,0.01639344262295082,488.0,496.0,-4.952723998199009,Bullish,NO,N/A,Expected Reaction,0
corn,2023-11-09,12:00 PM,2111.0,2156.0,45.0,-0.01680672268907563,476.0,468.0,2.131691141639034,Bearish,NO,N/A,Expected Reaction,0
corn,2023-12-08,12:00 PM,2156.0,2131.0,-25.0,-0.005339028296849973,468.25,465.75,-1.1595547309833023,Bullish,YES,good_news_price_down,Bullish News Failure,0
corn,2024-01-12,12:00 PM,2131.0,2162.0,31.0,-0.023484434735117424,457.75,447.0,1.4547160957297043,Bearish,NO,N/A,Expected Reaction,0
corn,2024-02-08,12:00 PM,2162.0,2172.0,10.0,-0.002302820955670697,434.25,433.25,0.46253469010175763,Bearish,NO,N/A,Expected Reaction,0
corn,2024-03-08,12:00 PM,2172.0,2172.0,0.0,0.0005868544600938967,426.0,426.25,0.0,Neutral,N/A,N/A,Neutral/No Change,0
corn,2024-04-11,12:00 PM,2172.0,2122.0,-50.0,-0.012665515256188831,434.25,428.75,-2.3020257826887662,Bullish,YES,good_news_price_down,Bullish News Failure,0
corn,2024-05-10,12:00 PM,,,,0.029361942405420668,442.75,455.75,0.0,Neutral,N/A,N/A,Neutral/No Change,0
corn,2024-06-12,12:00 PM,2102.0,2102.0,0.0,0.010567296996662959,449.5,454.25,0.0,Neutral,N/A,N/A,Neutral/No Change,0
corn,2024-07-12,12:00 PM,2102.0,2097.0,-5.0,-0.016594960049170254,406.75,400.0,-0.23786869647954328,Bullish,YES,good_news_price_down,Bullish News Failure,0
corn,2024-08-12,12:00 PM,2097.0,2073.0,-24.0,0.017252820172528202,376.75,383.25,-1.144492131616595,Bullish,NO,N/A,Expected Reaction,0
corn,2024-09-12,12:00 PM,2073.0,2057.0,-16.0,0.015111695137976347,380.5,386.25,-0.7718282682103232,Bullish,NO,N/A,Expected Reaction,0
corn,2024-10-11,12:00 PM,2057.0,1999.0,-58.0,-0.006571087216248507,418.5,415.75,-2.819640252795333,Bullish,YES,good_news_price_down,Bullish News Failure,0
corn,2024-11-08,12:00 PM,1999.0,1938.0,-61.0,0.008187134502923977,427.5,431.0,-3.0515257628814405,Bullish,NO,N/A,Expected Reaction,0
corn,2024-12-10,12:00 PM,1938.0,1738.0,-200.0,0.014976958525345621,434.0,440.5,-10.319917440660474,Bullish,NO,N/A,Expected Reaction,0
corn,2025-01-10,12:00 PM,1738.0,1540.0,-198.0,0.03179824561403509,456.0,470.5,-11.39240506329114,Bullish,NO,N/A,Expected Reaction,0
corn,2025-02-11,12:00 PM,1540.0,1540.0,0.0,-0.015259409969481181,491.5,484.0,0.0,Neutral,N/A,N/A,Neutral/No Change,0
corn,2025-03-11,12:00 PM,1540.0,1540.0,0.0,-0.004904632152588556,458.75,456.5,0.0,Neutral,N/A,N/A,Neutral/No Change,0
corn,2025-04-10,12:00 PM,1540.0,1465.0,-75.0,0.0189873417721519,474.0,483.0,-4.870129870129871,Bullish,NO,N/A,Expected Reaction,0
corn,2025-05-12,12:00 PM,,,,-0.0028312570781426952,441.5,440.25,0.0,Neutral,N/A,N/A,Neutral/No Change,0
corn,2025-06-12,12:00 PM,1800.0,1750.0,-50.0,0.003432494279176201,437.0,438.5,-2.7777777777777777,Bullish,NO,N/A,Expected Reaction,0
corn,2025-07-11,12:00 PM,1750.0,1660.0,-90.0,-0.010435850214855739,407.25,403.0,-5.142857142857142,Bullish,YES,good_news_price_down,Bullish News Failure,0
corn,2025-08-12,12:00 PM,1660.0,2117.0,457.0,-0.03506493506493506,385.0,371.5,27.53012048192771,Bearish,NO,N/A,Expected Reaction,0
corn,2025-09-12,12:00 PM,2117.0,2110.0,-7.0,0.0,399.0,399.0,-0.33065658951346244,Bullish,NO,N/A,Expected Reaction,0
corn,2025-11-14,12:00 PM,2110.0,2154.0,44.0,-0.02548131370328426,441.5,430.25,2.085308056872038,Bearish,NO,N/A,Expected Reaction,0
corn,2025-12-09,12:00 PM,2154.0,2029.0,-125.0,0.010315186246418338,436.25,440.75,-5.8031569173630455,Bullish,NO,N/A,Expected Reaction,0
corn,2026-01-12,12:00 PM,2029.0,2227.0,198.0,-0.05440269209197981,445.75,421.5,9.758501724987678,Bearish,NO,N/A,Expected Reaction,0
soybeans,2020-01-10,12:00 PM,475.0,475.0,0.0,0.0013386880856760374,933.75,935.0,0.0,Neutral,N/A,N/A,Neutral/No Change,0
soybeans,2020-02-11,12:00 PM,475.0,425.0,-50.0,0.0005654509471303364,884.25,884.75,-10.526315789473683,Bullish,NO,N/A,Expected Reaction,0
soybeans,2020-03-10,12:00 PM,425.0,425.0,0.0,0.011001737116386797,863.5,873.0,0.0,Neutral,N/A,N/A,Neutral/No Change,0
soybeans,2020-04-09,12:00 PM,425.0,480.0,55.0,0.010532475131655939,854.5,863.5,12.941176470588237,Bearish,YES,bad_news_price_up,Bearish News Failure,0
soybeans,2020-05-12,12:00 PM,,,,-0.0035200938691698444,852.25,849.25,0.0,Neutral,N/A,N/A,Neutral/No Change,0
soybeans,2020-06-11,12:00 PM,405.0,395.0,-10.0,0.0005777007510109763,865.5,866.0,-2.4691358024691357,Bullish,NO,N/A,Expected Reaction,0
soybeans,2020-07-10,12:00 PM,395.0,425.0,30.0,-0.0075146117450598385,898.25,891.5,7.59493670886076,Bearish,NO,N/A,Expected Reaction,0
soybeans,2020-08-12,12:00 PM,425.0,610.0,185.0,0.014236902050113895,878.0,890.5,43.529411764705884,Bearish,YES,bad_news_price_up,Bearish News Failure,0
soybeans,2020-09-11,12:00 PM,610.0,460.0,-150.0,0.02081218274111675,985.0,1005.5,-24.59016393442623,Bullish,NO,N/A,Expected Reaction,0
soybeans,2020-10-09,12:00 PM,460.0,290.0,-170.0,0.014761904761904763,1050.0,1065.5,-36.95652173913043,Bullish,NO,N/A,Expected Reaction,0
soybeans,2020-11-10,12:00 PM,290.0,190.0,-100.0,0.030090497737556562,1105.0,1138.25,-34.48275862068966,Bullish,NO,N/A,Expected Reaction,0
soybeans,2020-12-10,12:00 PM,190.0,175.0,-15.0,-0.004963314630988347,1158.5,1152.75,-7.894736842105263,Bullish,YES,good_news_price_down,Bullish News Failure,0
soybeans,2021-01-12,12:00 PM,175.0,140.0,-35.0,0.034558021098581304,1374.5,1422.0,-20.0,Bullish,NO,N/A,Expected Reaction,0
soybeans,2021-02-09,12:00 PM,140.0,120.0,-20.0,0.01008827238335435,1387.75,1401.75,-14.285714285714285,Bullish,NO,N/A,Expected Reaction,0
soybeans,2021-03-09,12:00 PM,120.0,120.0,0.0,0.002434359241870979,1437.75,1441.25,0.0,Neutral,N/A,N/A,Neutral/No Change,0
soybeans,2021-04-09,12:00 PM,120.0,120.0,0.0,-0.00865571453806748,1415.25,1403.0,0.0,Neutral,N/A,N/A,Neutral/No Change,0
soybeans,2021-05-12,12:00 PM,,,,0.014045801526717557,1637.5,1660.5,0.0,Neutral,N/A,N/A,Neutral/No Change,0
soybeans,2021-06-10,12:00 PM,140.0,155.0,15.0,-0.01184,1562.5,1544.0,10.714285714285714,Bearish,NO,N/A,Expected Reaction,0
soybeans,2021-07-12,12:00 PM,155.0,155.0,0.0,0.0202991452991453,1404.0,1432.5,0.0,Neutral,N/A,N/A,Neutral/No Change,0
soybeans,2021-08-12,12:00 PM,155.0,155.0,0.0,-0.002845962290999644,1405.5,1401.5,0.0,Neutral,N/A,N/A,Neutral/No Change,0
soybeans,2021-09-10,12:00 PM,155.0,185.0,30.0,0.01310824230387289,1258.75,1275.25,19.35483870967742,Bearish,YES,bad_news_price_up,Bearish News Failure,0
soybeans,2021-10-12,12:00 PM,185.0,320.0,135.0,-0.024424994911459393,1228.25,1198.25,72.97297297297297,Bearish,NO,N/A,Expected Reaction,0
soybeans,2021-11-09,12:00 PM,320.0,340.0,20.0,0.01825127334465195,1178.0,1199.5,6.25,Bearish,YES,bad_news_price_up,Bearish News Failure,0
soybeans,2021-12-09,12:00 PM,340.0,340.0,0.0,0.0027755749405233942,1261.0,1264.5,0.0,Neutral,N/A,N/A,Neutral/No Change,0
soybeans,2022-01-12,12:00 PM,340.0,350.0,10.0,0.010532050118031596,1376.75,1391.25,2.941176470588235,Bearish,YES,bad_news_price_up,Bearish News Failure,0
soybeans,2022-02-09,12:00 PM,350.0,325.0,-25.0,0.016411727214786488,1569.0,1594.75,-7.142857142857142,Bullish,NO,N/A,Expected Reaction,0
soybeans,2022-03-09,12:00 PM,325.0,285.0,-40.0,-0.010560281607509533,1704.5,1686.5,-12.307692307692308,Bullish,YES,good_news_price_down,Bullish News Failure,0
soybeans,2022-04-08,12:00 PM,285.0,260.0,-25.0,0.02643573381950775,1645.5,1689.0,-8.771929824561402,Bullish,NO,N/A,Expected Reaction,0
soybeans,2022-05-12,12:00 PM,,,,0.006059687926071807,1650.25,1660.25,0.0,Neutral,N/A,N/A,Neutral/No Change,0
soybeans,2022-06-10,12:00 PM,310.0,280.0,-30.0,-0.013284341435839458,1769.0,1745.5,-9.67741935483871,Bullish,YES,good_news_price_down,Bullish News Failure,0
soybeans,2022-07-12,12:00 PM,280.0,230.0,-50.0,-0.029402803168799514,1641.0,1592.75,-17.857142857142858,Bullish,YES,good_news_price_down,Bullish News Failure,0
soybeans,2022-08-12,12:00 PM,230.0,245.0,15.0,-0.023544896168470313,1709.5,1669.25,6.521739130434782,Bearish,NO,N/A,Expected Reaction,0
soybeans,2022-09-12,12:00 PM,245.0,200.0,-45.0,0.0406244754070841,1489.25,1549.75,-18.367346938775512,Bullish,NO,N/A,Expected Reaction,0
soybeans,2022-10-12,12:00 PM,200.0,200.0,0.0,0.014350590372388738,1376.25,1396.0,0.0,Neutral,N/A,N/A,Neutral/No Change,0
soybeans,2022-11-09,12:00 PM,200.0,220.0,20.0,0.010907202216066482,1444.0,1459.75,10.0,Bearish,YES,bad_news_price_up,Bearish News Failure,0
soybeans,2022-12-09,12:00 PM,220.0,220.0,0.0,-0.001682085786375105,1486.25,1483.75,0.0,Neutral,N/A,N/A,Neutral/No Change,0
soybeans,2023-01-12,12:00 PM,220.0,210.0,-10.0,0.00957095709570957,1515.0,1529.5,-4.545454545454546,Bullish,NO,N/A,Expected Reaction,0
soybeans,2023-02-08,12:00 PM,210.0,225.0,15.0,0.0029698069625474343,1515.25,1519.75,7.142857142857142,Bearish,YES,bad_news_price_up,Bearish News Failure,0
soybeans,2023-03-08,12:00 PM,225.0,210.0,-15.0,0.000983445336830028,1525.25,1526.75,-6.666666666666667,Bullish,NO,N/A,Expected Reaction,0
soybeans,2023-04-11,12:00 PM,210.0,210.0,0.0,0.006723819129265423,1487.25,1497.25,0.0,Neutral,N/A,N/A,Neutral/No Change,0
soybeans,2023-05-12,12:00 PM,,,,-0.005716265373289451,1443.25,1435.0,0.0,Neutral,N/A,N/A,Neutral/No Change,0
soybeans,2023-06-09,12:00 PM,335.0,350.0,15.0,0.017054832202457362,1363.25,1386.5,4.477611940298507,Bearish,YES,bad_news_price_up,Bearish News Failure,0
soybeans,2023-07-12,12:00 PM,350.0,300.0,-50.0,-0.0210457086484709,1520.5,1488.5,-14.285714285714285,Bullish,YES,good_news_price_down,Bullish News Failure,0
soybeans,2023-08-11,12:00 PM,300.0,245.0,-55.0,-0.007613314447592068,1412.0,1401.25,-18.333333333333332,Bullish,YES,good_news_price_down,Bullish News Failure,0
soybeans,2023-09-12,12:00 PM,245.0,220.0,-25.0,-0.015341959334565619,1352.5,1331.75,-10.204081632653061,Bullish,YES,good_news_price_down,Bullish News Failure,0
soybeans,2023-10-12,12:00 PM,220.0,220.0,0.0,0.029940119760479042,1252.5,1290.0,0.0,Neutral,N/A,N/A,Neutral/No Change,0
soybeans,2023-11-09,12:00 PM,220.0,245.0,25.0,-0.01575240919199407,1349.0,1327.75,11.363636363636363,Bearish,NO,N/A,Expected Reaction,0
soybeans,2023-12-08,12:00 PM,245.0,245.0,0.0,-0.0059081379836096815,1311.75,1304.0,0.0,Neutral,N/A,N/A,Neutral/No Change,0
soybeans,2024-01-12,12:00 PM,245.0,280.0,35.0,-0.020710659898477157,1231.25,1205.75,14.285714285714285,Bearish,NO,N/A,Expected Reaction,0
soybeans,2024-02-08,12:00 PM,280.0,315.0,35.0,0.0037846930193439865,1189.0,1193.5,12.5,Bearish,YES,bad_news_price_up,Bearish News Failure,0
soybeans,2024-03-08,12:00 PM,315.0,315.0,0.0,0.011668107173725151,1157.0,1170.5,0.0,Neutral,N/A,N/A,Neutral/No Change,0
soybeans,2024-04-11,12:00 PM,315.0,340.0,25.0,-0.00472204335694355,1164.75,1159.25,7.936507936507936,Bearish,NO,N/A,Expected Reaction,0
soybeans,2024-05-10,12:00 PM,,,,0.010270383567386292,1192.75,1205.0,0.0,Neutral,N/A,N/A,Neutral/No Change,0
soybeans,2024-06-12,12:00 PM,445.0,455.0,10.0,-0.0006366723259762309,1178.0,1177.25,2.247191011235955,Bearish,NO,N/A,Expected Reaction,0
soybeans,2024-07-12,12:00 PM,455.0,435.0,-20.0,-0.007219426821264493,1142.75,1134.5,-4.395604395604396,Bullish,YES,good_news_price_down,Bullish News Failure,0
soybeans,2024-08-12,12:00 PM,435.0,560.0,125.0,-0.01556420233463035,1028.0,1012.0,28.735632183908045,Bearish,NO,N/A,Expected Reaction,0
soybeans,2024-09-12,12:00 PM,560.0,550.0,-10.0,0.011992855320234754,979.75,991.5,-1.7857142857142856,Bullish,NO,N/A,Expected Reaction,0
soybeans,2024-10-11,12:00 PM,550.0,550.0,0.0,-0.009115545700911555,1014.75,1005.5,0.0,Neutral,N/A,N/A,Neutral/No Change,0
soybeans,2024-11-08,12:00 PM,550.0,470.0,-80.0,0.0012309207287050715,1015.5,1016.75,-14.545454545454545,Bullish,NO,N/A,Expected Reaction,0
soybeans,2024-12-10,12:00 PM,470.0,470.0,0.0,0.004797979797979798,990.0,994.75,0.0,Neutral,N/A,N/A,Neutral/No Change,0
soybeans,2025-01-10,12:00 PM,470.0,380.0,-90.0,0.02141597379692618,992.25,1013.5,-19.148936170212767,Bullish,NO,N/A,Expected Reaction,0
soybeans,2025-02-11,12:00 PM,380.0,380.0,0.0,-0.005717008099094807,1049.5,1043.5,0.0,Neutral,N/A,N/A,Neutral/No Change,0
soybeans,2025-03-11,12:00 PM,380.0,380.0,0.0,-0.002000500125031258,999.75,997.75,0.0,Neutral,N/A,N/A,Neutral/No Change,0
soybeans,2025-04-10,12:00 PM,380.0,375.0,-5.0,0.01604542088373241,1012.75,1029.0,-1.3157894736842104,Bullish,NO,N/A,Expected Reaction,0
soybeans,2025-05-12,12:00 PM,,,,0.0210727969348659,1044.0,1066.0,0.0,Neutral,N/A,N/A,Neutral/No Change,0
soybeans,2025-06-12,12:00 PM,295.0,295.0,0.0,-0.007853403141361256,1050.5,1042.25,0.0,Neutral,N/A,N/A,Neutral/No Change,0
soybeans,2025-07-11,12:00 PM,295.0,310.0,15.0,-0.008395061728395062,1012.5,1004.0,5.084745762711865,Bearish,NO,N/A,Expected Reaction,0
soybeans,2025-08-12,12:00 PM,310.0,290.0,-20.0,0.02248610409297625,989.5,1011.75,-6.451612903225806,Bullish,NO,N/A,Expected Reaction,0
soybeans,2025-09-12,12:00 PM,290.0,300.0,10.0,0.010342280226545186,1015.25,1025.75,3.4482758620689653,Bearish,YES,bad_news_price_up,Bearish News Failure,0
soybeans,2025-11-14,12:00 PM,300.0,290.0,-10.0,-0.01700530035335689,1132.0,1112.75,-3.3333333333333335,Bullish,YES,good_news_price_down,Bullish News Failure,0
soybeans,2025-12-09,12:00 PM,290.0,290.0,0.0,-0.005942857142857143,1093.75,1087.25,0.0,Neutral,N/A,N/A,Neutral/No Change,0
soybeans,2026-01-12,12:00 PM,290.0,350.0,60.0,-0.014783023366714354,1048.5,1033.0,20.689655172413794,Bearish,NO,N/A,Expected Reaction,0
